patient_id,ward,bp
479,East,115
461,East,
446,South,140
462,East,117
415,North,131
480,East,
401,North,
425,North,120
478,East,130
416,North,124
465,East,
414,North,114
442,South,142
447,South,138
418,North,
460,South,146
423,North,
489,East,133
456,South,115
453,South,
410,North,116
430,North,123
405,North,117
471,East,121
466,East,118
477,East,
452,South,165
428,North,120
407,North,
441,South,128
419,North,
440,South,
457,South,
436,South,138
438,South,142
411,North,
449,South,122
476,East,
444,South,131
422,North,112
439,South,
467,East,118
420,North,112
464,East,120
417,North,111
469,East,119
402,North,
481,East,
473,East,116
403,North,120
486,East,118
450,South,
470,East,
463,East,
454,South,
432,South,126
474,East,
437,South,130
426,North,132
484,East,116
468,East,116
487,East,126
443,South,136
413,North,114
490,East,122
429,North,
408,North,105
482,East,116
433,South,118
472,East,
427,North,129
409,North,
448,South,151
406,North,
485,East,118
404,North,113
455,South,136
424,North,124
483,East,
451,South,147
488,East,
435,South,
421,North,114
458,South,139
434,South,
445,South,129
459,South,
431,South,148
475,East,
412,North,126
