customer_id,age,spend
3071,45,126.05
3018,42,364.60
3081,24,26.53
3004,49,124.23
3055,35,21.10
3026,46,309.12
3051,57,244.93
3042,42,50.44
3077,79,58.05
3039,26,240.67
3028,28,366.28
3014,63,59.47
3030,67,314.43
3013,55,161.46
3062,31,251.56
3027,50,355.29
3059,49,243.74
3090,50,384.18
3003,35,67.47
3086,34,66.75
3061,22,184.69
3068,25,11.17
3088,20,139.55
3033,42,245.93
3024,31,318.24
3021,25,156.48
3057,18,242.40
3060,49,276.25
3072,66,329.70
3045,38,175.65
3076,51,243.79
3089,54,189.76
3083,45,80.35
3093,32,210.81
3064,33,193.56
3074,49,368.05
3008,18,65.94
3023,28,297.68
3052,28,31.14
3078,67,364.95
3067,54,148.34
3016,29,256.97
3063,29,267.42
3019,25,245.01
3002,34,364.69
3054,51,199.86
3049,67,273.77
3007,65,53.81
3011,29,352.96
3034,26,243.60
3080,63,99.28
3066,21,218.37
3009,90,264.55
3036,34,49.01
3056,54,41.86
3087,18,68.36
3040,44,296.32
3084,44,314.57
3047,58,300.01
3000,24,338.99
3075,18,125.78
3053,20,388.98
3012,40,167.91
3006,64,282.75
3092,28,36.33
3037,34,50.51
3029,20,180.73
3082,34,246.63
3097,43,98.92
3032,29,36.75
3025,58,72.61
3094,54,129.26
3020,58,136.65
3005,50,116.34
3058,49,367.01
3010,29,171.89
3098,53,153.69
3031,25,83.67
3041,48,269.32
3038,34,370.76
3048,22,26.19
3091,52,264.90
3073,29,84.28
3017,55,328.79
3035,40,155.54
3096,46,289.89
3065,52,21.72
3043,20,188.89
3001,25,357.66
3095,40,267.17
3046,31,24.72
3069,25,128.74
3050,28,171.14
3022,48,40.19
3099,31,30.32
3070,60,68.94
3079,31,196.56
3085,63,162.67
3044,61,119.43
3015,56,171.08
