run_id,compound,dose,response
99,Dryad,3.1,8.00
87,Dryad,5.2,8.42
71,Corvin,3.4,11.78
34,Borane,1.5,7.26
42,Borane,5.3,4.91
63,Corvin,8.4,31.94
29,Borane,7.4,5.43
100,Dryad,5.7,11.43
80,Corvin,2.5,9.96
88,Dryad,6.0,
83,Corvin,2.8,12.59
13,Ambrite,7.1,17.93
66,Corvin,2.4,10.07
40,Borane,5.6,6.68
31,Borane,3.8,8.77
82,Corvin,4.5,18.08
52,Borane,1.6,8.21
113,Ether-9,4.8,12.83
17,Ambrite,4.7,12.94
51,Borane,3.6,5.82
18,Ambrite,7.3,
35,Borane,4.6,3.18
62,Corvin,2.5,10.39
49,Borane,9.2,2.84
22,Ambrite,5.0,13.54
90,Dryad,8.7,8.38
57,Corvin,3.6,13.83
1,Ambrite,1.8,5.28
81,Corvin,9.1,35.17
23,Ambrite,6.8,
16,Ambrite,7.9,23.59
94,Dryad,5.0,
41,Borane,4.1,3.41
2,Ambrite,6.9,20.02
10,Ambrite,3.4,17.02
60,Corvin,2.6,11.70
91,Dryad,8.5,8.73
26,Ambrite,5.1,15.24
3,Ambrite,6.9,
114,Ether-9,9.0,19.76
9,Ambrite,9.4,24.09
53,Borane,3.2,
106,Dryad,4.3,7.65
43,Borane,4.7,7.90
74,Corvin,4.5,17.67
27,Ambrite,2.1,11.26
55,Corvin,9.1,
50,Borane,2.3,8.59
112,Ether-9,7.5,17.66
36,Borane,5.5,2.26
93,Dryad,2.8,9.04
79,Corvin,9.6,
75,Corvin,4.1,16.78
115,Ether-9,8.4,17.92
59,Corvin,1.8,6.97
109,Ether-9,8.7,16.94
24,Ambrite,5.9,18.03
73,Corvin,10.0,38.10
70,Corvin,3.7,14.78
69,Corvin,6.9,26.50
20,Ambrite,5.6,16.58
102,Dryad,2.0,
56,Corvin,7.4,30.17
92,Dryad,4.9,4.93
64,Corvin,7.6,29.77
46,Borane,4.3,4.54
86,Dryad,1.1,8.46
32,Borane,2.0,6.97
21,Ambrite,3.3,
47,Borane,6.8,2.99
107,Dryad,2.3,4.61
97,Dryad,8.0,7.92
85,Dryad,9.2,
39,Borane,2.8,7.60
78,Corvin,1.5,8.21
58,Corvin,5.2,20.38
30,Borane,4.8,6.61
11,Ambrite,4.4,12.07
45,Borane,9.3,
105,Dryad,7.5,1.79
67,Corvin,4.4,15.59
68,Corvin,8.7,34.15
4,Ambrite,3.8,14.44
12,Ambrite,9.3,23.60
25,Ambrite,1.6,8.65
72,Corvin,1.9,8.33
76,Corvin,9.3,34.89
98,Dryad,7.2,6.58
28,Ambrite,3.1,9.80
48,Borane,5.2,7.82
84,Corvin,3.9,15.27
5,Ambrite,4.6,13.59
38,Borane,7.0,7.58
15,Ambrite,7.0,18.21
6,Ambrite,3.4,12.47
108,Dryad,7.4,10.06
77,Corvin,6.8,27.11
8,Ambrite,4.3,13.02
37,Borane,1.4,13.91
54,Borane,8.6,-0.04
111,Ether-9,5.9,14.25
110,Ether-9,1.6,7.64
96,Dryad,7.9,7.91
33,Borane,1.3,9.03
14,Ambrite,6.4,17.43
65,Corvin,2.1,8.86
101,Dryad,5.6,9.65
95,Dryad,1.2,5.30
103,Dryad,2.7,5.10
104,Dryad,7.8,19.88
44,Borane,2.4,4.21
7,Ambrite,1.3,
61,Corvin,8.8,33.55
19,Ambrite,9.3,22.41
89,Dryad,5.6,7.33
