user_id,variant,converted
21839,test,0
20023,control,0
21110,test,1
20257,control,0
20270,control,0
21213,test,0
21159,test,1
21497,test,0
20694,control,0
21449,test,0
21552,test,0
20825,control,0
21466,test,1
20763,control,1
21181,test,0
21642,test,1
21846,test,0
20267,control,0
21133,test,0
21249,test,0
21078,test,0
20078,control,0
20658,control,0
20615,control,0
21121,test,0
21080,test,0
20547,control,0
20664,control,0
21741,test,0
20229,control,1
20953,test,0
20630,control,0
20007,control,0
21700,test,1
21548,test,0
21739,test,0
21835,test,0
21648,test,0
21617,test,0
20612,control,0
20540,control,0
21380,test,0
21396,test,0
21498,test,0
20367,control,0
20502,control,0
20921,control,0
21813,test,0
20532,control,0
20780,control,0
21480,test,1
20476,control,0
21304,test,0
20607,control,0
21206,test,0
20433,control,0
20731,control,0
21277,test,0
20600,control,0
20583,control,0
21158,test,0
20965,test,0
20230,control,0
20454,control,0
20722,control,0
20910,control,0
20317,control,0
21203,test,0
20231,control,0
20453,control,0
20821,control,0
20136,control,0
20105,control,0
20929,control,0
20165,control,0
20176,control,0
20506,control,0
20280,control,0
21511,test,0
20698,control,0
20750,control,1
20393,control,0
21689,test,0
21256,test,0
21020,test,0
21566,test,1
20968,test,0
20710,control,0
20307,control,0
21275,test,1
20010,control,0
20391,control,0
20508,control,0
21634,test,0
20842,control,0
21053,test,0
21033,test,0
20169,control,0
20475,control,0
21847,test,0
21030,test,0
20884,control,0
21623,test,0
20949,test,0
20950,test,0
20794,control,1
21190,test,1
20463,control,0
21527,test,0
21028,test,0
20983,test,0
20503,control,0
20152,control,0
20430,control,1
20419,control,0
20162,control,0
21609,test,0
21236,test,1
20886,control,0
20210,control,1
20235,control,0
20374,control,0
20327,control,0
20155,control,0
21202,test,0
21292,test,0
20804,control,0
21095,test,0
20097,control,0
20378,control,1
20046,control,0
21150,test,0
21694,test,1
21570,test,0
21781,test,0
21331,test,0
21130,test,0
21228,test,0
20158,control,0
20854,control,1
20752,control,0
20526,control,0
21567,test,0
20455,control,0
21565,test,0
20132,control,0
20878,control,0
21542,test,0
21231,test,0
21778,test,0
21015,test,0
21705,test,0
21601,test,0
20290,control,0
20212,control,0
20016,control,0
21428,test,0
21358,test,0
21285,test,0
21472,test,0
21140,test,0
20620,control,0
21144,test,0
20585,control,0
21540,test,0
20148,control,1
21205,test,0
20448,control,0
21436,test,0
20954,test,0
21744,test,0
21495,test,0
21840,test,1
20895,control,0
20359,control,0
21537,test,0
20784,control,0
21345,test,0
21543,test,0
21018,test,0
21288,test,0
20377,control,0
21084,test,0
20146,control,0
20648,control,0
20100,control,0
20123,control,0
20490,control,0
21518,test,0
20471,control,0
20815,control,0
21805,test,0
21338,test,1
21142,test,0
20025,control,1
21023,test,0
20754,control,0
20737,control,0
20905,control,0
21339,test,0
21090,test,0
21419,test,0
21531,test,0
20567,control,0
21505,test,0
20009,control,0
21747,test,1
21270,test,0
20058,control,0
20659,control,0
20111,control,0
20896,control,0
20390,control,0
21295,test,0
21375,test,0
21234,test,0
21782,test,0
21784,test,0
21361,test,0
21790,test,0
20085,control,0
20834,control,0
20277,control,0
21427,test,0
20388,control,0
21718,test,0
20565,control,0
20160,control,0
20018,control,0
21586,test,0
21709,test,0
20931,control,0
20514,control,0
21312,test,0
21127,test,1
21253,test,0
20518,control,0
21147,test,0
20428,control,1
20186,control,0
21516,test,0
20501,control,0
20978,test,0
20844,control,0
20877,control,0
20236,control,0
21686,test,0
21817,test,0
21323,test,0
21661,test,0
20527,control,0
20638,control,0
20298,control,1
21763,test,0
21770,test,0
21296,test,0
21515,test,0
20472,control,1
21513,test,1
20352,control,0
20398,control,0
21595,test,0
21677,test,0
21096,test,1
20930,control,0
20871,control,0
21553,test,0
21248,test,0
20742,control,0
21638,test,0
20005,control,0
20438,control,0
20348,control,0
21156,test,0
21266,test,0
20770,control,0
21387,test,0
20355,control,0
21073,test,0
21123,test,0
21523,test,0
20329,control,0
20482,control,1
20555,control,0
21169,test,1
21045,test,0
21041,test,0
21417,test,0
20861,control,0
21632,test,0
21049,test,0
20439,control,0
20553,control,0
20261,control,1
21690,test,0
21328,test,0
21608,test,0
21402,test,1
21654,test,0
20875,control,0
21539,test,0
20582,control,0
20117,control,0
20163,control,0
20972,test,0
20524,control,0
20172,control,0
20427,control,1
20512,control,1
20624,control,0
21390,test,0
20786,control,1
21129,test,0
21753,test,0
21210,test,0
20756,control,0
21435,test,0
20207,control,0
20597,control,0
20602,control,0
20036,control,0
20741,control,0
21381,test,0
21042,test,0
21798,test,0
20266,control,0
20389,control,0
20851,control,0
21064,test,0
20685,control,0
20395,control,1
21318,test,0
21637,test,0
20445,control,0
21191,test,0
20289,control,0
20325,control,0
20623,control,0
21788,test,1
21197,test,0
21438,test,0
21097,test,0
21119,test,0
20340,control,0
21792,test,0
20927,control,0
21490,test,0
20054,control,0
20199,control,0
20467,control,0
20087,control,0
21717,test,1
21303,test,0
20625,control,0
20727,control,0
21102,test,0
21161,test,0
20029,control,0
21578,test,0
20799,control,0
21584,test,0
20591,control,1
20072,control,0
20060,control,1
20192,control,0
20371,control,0
21811,test,0
21353,test,0
21425,test,0
21394,test,0
20330,control,0
20425,control,1
20216,control,0
20268,control,1
21166,test,0
20935,control,0
20129,control,0
20320,control,0
20650,control,0
21136,test,0
21453,test,0
21399,test,1
20724,control,1
20521,control,0
21148,test,0
20465,control,0
20829,control,0
21026,test,0
20996,test,0
20260,control,0
20285,control,0
20278,control,0
20633,control,0
20485,control,0
21519,test,0
20258,control,0
20043,control,0
21724,test,0
21081,test,0
20096,control,0
20676,control,0
21838,test,0
20762,control,0
20714,control,1
21289,test,0
20478,control,0
20857,control,1
20486,control,0
20265,control,0
21674,test,0
21668,test,0
20707,control,0
21048,test,1
21244,test,0
20595,control,0
21035,test,0
20253,control,0
21830,test,0
21188,test,0
20870,control,0
20483,control,0
20150,control,0
20995,test,0
21810,test,1
20124,control,0
20028,control,0
21211,test,0
20369,control,0
21060,test,0
20066,control,0
21334,test,1
20102,control,1
21517,test,0
20221,control,0
20627,control,0
21343,test,0
21573,test,1
21061,test,1
21482,test,0
20276,control,0
20541,control,0
20817,control,0
20663,control,0
20400,control,0
21239,test,0
20182,control,0
21607,test,0
21535,test,0
20338,control,0
20771,control,0
20530,control,0
21842,test,0
21692,test,0
20050,control,0
20333,control,0
21005,test,1
21335,test,0
21034,test,0
21599,test,0
21297,test,0
20254,control,0
21730,test,1
20682,control,0
20684,control,0
20421,control,1
21593,test,1
20335,control,0
21349,test,0
20859,control,0
20411,control,0
20373,control,0
21673,test,0
21000,test,0
20609,control,0
20641,control,0
21047,test,0
20228,control,0
20958,test,1
20360,control,0
20747,control,1
21484,test,0
21101,test,0
20383,control,0
21585,test,0
20789,control,0
21555,test,0
20904,control,0
21215,test,0
21733,test,0
21326,test,1
20568,control,0
20824,control,0
20480,control,0
21771,test,0
21261,test,1
20603,control,0
20718,control,1
20354,control,0
20181,control,0
20510,control,0
20489,control,0
20468,control,0
20167,control,0
20013,control,0
20726,control,0
21820,test,1
20922,control,0
20992,test,0
20843,control,0
21218,test,0
20909,control,0
21232,test,0
20808,control,0
20305,control,0
21204,test,0
20934,control,0
20412,control,0
20142,control,0
20356,control,0
21283,test,0
20746,control,0
20702,control,0
21364,test,0
20639,control,0
21815,test,0
20605,control,0
21772,test,0
20020,control,0
21124,test,0
20342,control,0
21697,test,0
21507,test,0
21641,test,0
20361,control,0
20403,control,0
21545,test,1
21029,test,1
21547,test,0
20256,control,0
20084,control,0
21098,test,0
21745,test,0
21630,test,1
21737,test,0
20302,control,0
20836,control,1
21754,test,0
21065,test,0
21237,test,0
20119,control,0
20205,control,0
21441,test,0
21582,test,0
20415,control,0
21613,test,0
20484,control,0
20537,control,0
20392,control,0
21559,test,0
20552,control,0
20180,control,0
21107,test,0
20026,control,0
20701,control,0
20645,control,0
20733,control,0
20720,control,0
20740,control,0
21378,test,0
20813,control,0
21680,test,1
21525,test,0
20679,control,0
20523,control,0
21650,test,0
21294,test,0
20601,control,0
21220,test,0
20101,control,0
21591,test,0
20580,control,0
20281,control,0
20012,control,0
20908,control,0
20303,control,0
21561,test,0
20401,control,0
21151,test,0
21311,test,1
21460,test,0
20386,control,1
20311,control,0
20562,control,1
21583,test,0
20655,control,0
21332,test,0
21268,test,0
21176,test,0
20976,test,0
20174,control,0
20347,control,1
21713,test,0
20122,control,0
21223,test,0
20838,control,0
21276,test,0
20515,control,0
20692,control,0
20686,control,0
21757,test,0
21610,test,0
21145,test,0
20696,control,0
21260,test,0
21785,test,0
20961,test,0
21512,test,0
20883,control,0
20460,control,0
21265,test,0
21589,test,0
21614,test,0
20975,test,0
21074,test,1
20441,control,0
20545,control,0
21426,test,0
21357,test,0
21089,test,0
21664,test,1
21406,test,0
21804,test,0
21691,test,0
20195,control,0
21684,test,0
20034,control,0
21683,test,0
21756,test,0
20923,control,0
21455,test,1
20134,control,0
20242,control,0
20275,control,0
20933,control,1
20556,control,0
20598,control,0
20812,control,0
20022,control,0
21443,test,0
20791,control,0
21052,test,0
20399,control,0
20424,control,1
21808,test,0
20534,control,1
20244,control,0
20461,control,0
21337,test,0
20062,control,0
20893,control,0
21010,test,1
20184,control,1
21040,test,1
20803,control,0
20082,control,0
20816,control,0
20822,control,0
20730,control,0
21481,test,0
20616,control,0
21091,test,0
21803,test,0
20666,control,0
20864,control,0
20033,control,0
20674,control,0
20632,control,1
21506,test,1
21397,test,0
21698,test,0
20672,control,0
21168,test,0
20669,control,0
20366,control,0
21059,test,0
21740,test,0
20774,control,0
20413,control,0
21346,test,0
21621,test,0
20938,control,1
20608,control,0
20351,control,1
20708,control,0
21639,test,0
20098,control,1
20153,control,0
21652,test,1
20728,control,0
21616,test,0
20344,control,0
20918,control,0
21502,test,0
21238,test,0
20233,control,0
21421,test,0
20680,control,0
20220,control,0
21620,test,0
21752,test,0
21278,test,0
20196,control,0
20493,control,0
20764,control,0
20969,test,0
20798,control,0
20068,control,0
21746,test,0
20310,control,0
20294,control,0
21604,test,0
20517,control,1
21714,test,0
21088,test,0
20999,test,0
21483,test,0
21558,test,0
21071,test,0
20948,test,0
20336,control,0
21458,test,1
21450,test,0
21367,test,0
20491,control,1
21321,test,0
20269,control,0
21111,test,0
21032,test,0
21193,test,0
21125,test,0
21342,test,0
21587,test,0
20550,control,0
20594,control,0
20183,control,0
21776,test,0
21115,test,0
21354,test,0
20559,control,0
21735,test,0
21636,test,0
21082,test,0
21633,test,0
20247,control,0
20074,control,0
21485,test,0
21057,test,0
21837,test,0
21175,test,0
20991,test,0
20661,control,1
20306,control,0
21099,test,0
21758,test,0
21725,test,0
20640,control,0
20495,control,0
21422,test,0
21217,test,0
21316,test,0
20358,control,0
20621,control,0
21433,test,0
21734,test,0
20795,control,0
20088,control,0
21751,test,0
20982,test,0
20203,control,0
21800,test,0
20874,control,0
20001,control,0
20038,control,0
20561,control,0
21031,test,1
21738,test,0
21750,test,0
21329,test,0
20322,control,0
21315,test,1
20635,control,0
20159,control,0
21403,test,0
20865,control,0
20699,control,0
20924,control,0
20064,control,0
20312,control,0
21372,test,0
20070,control,0
21530,test,1
20767,control,0
21462,test,0
21514,test,0
20494,control,0
21526,test,1
21093,test,0
21807,test,0
20959,test,0
21801,test,0
21418,test,0
20516,control,0
20513,control,0
20357,control,0
21764,test,1
21250,test,1
20936,control,0
20083,control,0
20273,control,0
20469,control,0
20040,control,1
21533,test,0
20161,control,0
20284,control,0
20179,control,0
20528,control,0
21774,test,0
20579,control,1
21522,test,0
20906,control,0
20417,control,0
20091,control,0
20133,control,0
20667,control,0
21017,test,0
20806,control,0
20112,control,0
20239,control,0
21134,test,0
21108,test,0
20654,control,0
21712,test,0
21437,test,0
20449,control,0
20076,control,0
20772,control,1
20218,control,0
20437,control,0
21016,test,0
20429,control,0
20063,control,0
20853,control,0
21716,test,0
21564,test,0
21392,test,0
21415,test,0
21254,test,0
21676,test,0
21076,test,0
21322,test,0
20611,control,0
20464,control,0
20505,control,0
21230,test,0
20628,control,1
20144,control,0
21103,test,0
20846,control,0
21640,test,0
21219,test,0
21723,test,0
20971,test,0
21731,test,0
20881,control,0
21196,test,0
21044,test,0
20652,control,0
21759,test,1
20823,control,0
20578,control,0
20426,control,0
21806,test,0
20777,control,0
21154,test,1
20840,control,0
20944,test,0
20250,control,0
20892,control,0
21069,test,0
21189,test,0
21666,test,0
20208,control,0
21411,test,0
20308,control,0
21660,test,0
20107,control,0
21602,test,0
20215,control,0
21155,test,0
20887,control,1
21528,test,0
21685,test,1
20109,control,0
20797,control,0
20080,control,0
20364,control,0
21019,test,1
20858,control,0
20149,control,1
20232,control,0
20405,control,0
20717,control,0
20304,control,0
21615,test,0
20962,test,0
21001,test,0
20432,control,0
20477,control,0
21563,test,0
21701,test,0
20037,control,0
21643,test,0
21240,test,0
20321,control,0
21262,test,0
20017,control,0
20296,control,0
20418,control,0
20106,control,0
20660,control,0
21021,test,0
20744,control,0
20075,control,0
20500,control,0
21688,test,0
21488,test,0
20891,control,0
21469,test,0
20166,control,0
21434,test,0
21319,test,0
21317,test,0
21529,test,0
21137,test,0
21791,test,0
21841,test,0
21172,test,0
20657,control,0
20901,control,0
21729,test,0
21708,test,1
21058,test,0
21606,test,0
21656,test,0
20792,control,1
20190,control,0
20110,control,0
21214,test,0
21281,test,0
20178,control,0
21447,test,0
21534,test,0
20862,control,0
20841,control,0
21327,test,1
21313,test,0
20041,control,0
20019,control,0
21702,test,1
20279,control,0
20249,control,0
21271,test,0
21012,test,0
20759,control,1
21777,test,0
21575,test,0
21013,test,0
21667,test,0
20535,control,0
21235,test,0
20245,control,0
21174,test,0
20614,control,0
21678,test,0
20139,control,0
20882,control,0
21184,test,0
20584,control,0
21536,test,1
21126,test,0
20833,control,0
20574,control,0
20709,control,0
20755,control,0
21424,test,0
21320,test,0
21665,test,0
20073,control,1
20581,control,0
21208,test,0
20790,control,0
21122,test,0
20108,control,0
20466,control,1
20678,control,0
20569,control,0
21245,test,1
20546,control,0
21508,test,0
21600,test,0
20963,test,0
20850,control,0
21843,test,0
21149,test,1
20375,control,0
20315,control,0
21038,test,0
21473,test,0
20793,control,0
21371,test,0
20592,control,1
20576,control,1
21258,test,0
20647,control,0
21765,test,0
20631,control,0
20769,control,0
20240,control,0
21787,test,0
20189,control,0
20563,control,1
20866,control,0
20880,control,0
21711,test,1
20539,control,0
21398,test,1
21153,test,1
21384,test,1
20637,control,0
20809,control,0
20156,control,0
20309,control,0
21164,test,0
21300,test,0
21669,test,0
21824,test,0
20331,control,0
21106,test,0
20872,control,0
21736,test,0
21389,test,0
20721,control,0
21538,test,0
20262,control,0
21651,test,0
21496,test,0
20970,test,0
21834,test,0
21576,test,0
20855,control,0
20926,control,0
21748,test,0
20766,control,0
21112,test,0
21719,test,0
20125,control,0
20796,control,0
21179,test,0
20488,control,0
21330,test,0
20725,control,0
21703,test,0
21070,test,0
20907,control,1
21524,test,0
20849,control,0
21743,test,0
20024,control,0
20093,control,0
21310,test,0
20985,test,0
20960,test,0
20081,control,1
20536,control,0
21132,test,0
20259,control,0
21468,test,0
20964,test,0
21454,test,0
20810,control,0
21848,test,0
21457,test,0
20204,control,0
21699,test,0
21347,test,0
20548,control,1
20888,control,0
20447,control,0
20723,control,0
21797,test,0
21832,test,1
21440,test,0
21192,test,0
20052,control,0
20599,control,0
20820,control,0
21182,test,0
20288,control,0
21386,test,0
21007,test,0
20673,control,0
20394,control,0
21363,test,0
20343,control,1
20326,control,0
20711,control,0
21659,test,0
21043,test,0
21568,test,0
20977,test,0
21077,test,0
20952,test,0
20690,control,0
20593,control,0
21187,test,0
20381,control,0
20313,control,0
20219,control,0
20899,control,1
21340,test,0
21075,test,0
20032,control,0
20831,control,0
20619,control,0
20346,control,0
20697,control,0
20410,control,0
21366,test,0
21627,test,1
20209,control,0
21501,test,0
21657,test,0
21670,test,0
20749,control,0
20753,control,0
20507,control,0
21409,test,0
20913,control,0
20402,control,0
20130,control,0
21598,test,0
20140,control,0
20099,control,0
21814,test,0
21562,test,1
20492,control,0
20662,control,0
20071,control,0
21055,test,0
20185,control,0
21177,test,0
20656,control,1
20227,control,0
21412,test,0
20837,control,0
20956,test,0
20056,control,0
21027,test,0
21067,test,0
20826,control,0
20069,control,0
21079,test,0
20300,control,0
20113,control,0
21624,test,0
20889,control,0
21062,test,0
20587,control,0
20779,control,1
21207,test,0
21499,test,0
20768,control,0
20618,control,0
21574,test,0
20255,control,0
20818,control,0
21631,test,0
20643,control,0
21365,test,0
21544,test,0
21653,test,0
21246,test,0
21301,test,0
20053,control,0
21605,test,0
20596,control,0
20651,control,0
21504,test,0
20644,control,0
20164,control,0
20622,control,0
21216,test,1
21257,test,0
21306,test,0
21850,test,0
20345,control,0
20941,test,0
21350,test,0
20319,control,0
20946,test,1
21011,test,1
20920,control,0
21407,test,0
21556,test,0
21828,test,0
21379,test,0
20049,control,0
20387,control,1
21430,test,0
20370,control,0
20263,control,0
21373,test,0
20544,control,0
21290,test,0
21786,test,0
20575,control,1
20538,control,0
21413,test,0
20291,control,0
20151,control,0
21341,test,0
20879,control,0
21802,test,0
20241,control,0
20496,control,0
20980,test,0
21663,test,0
21009,test,1
20867,control,0
20520,control,1
20474,control,0
20845,control,0
20175,control,0
21592,test,0
21779,test,0
20295,control,0
21284,test,0
21760,test,0
20456,control,0
21762,test,0
21420,test,1
21308,test,0
21715,test,0
20761,control,0
21644,test,0
20206,control,0
21836,test,0
20687,control,0
20027,control,0
21799,test,0
20802,control,0
21489,test,0
21831,test,0
21431,test,0
20704,control,0
21307,test,1
20912,control,0
20801,control,0
20732,control,0
20916,control,0
21571,test,0
20238,control,0
21163,test,0
20297,control,0
20170,control,0
20745,control,0
20350,control,0
20573,control,1
21477,test,0
20634,control,0
20847,control,0
21612,test,0
21696,test,0
20511,control,0
21461,test,0
21092,test,0
20094,control,0
20246,control,0
20154,control,0
20328,control,0
21432,test,0
20115,control,0
20827,control,0
21579,test,0
21114,test,1
21273,test,0
21819,test,0
21251,test,0
21727,test,0
21445,test,1
21471,test,0
21479,test,0
21185,test,0
21755,test,0
21113,test,0
20830,control,1
20683,control,0
21162,test,0
21201,test,0
20590,control,0
20479,control,1
21173,test,0
21794,test,0
20885,control,1
21263,test,0
21051,test,0
20223,control,0
20141,control,0
20775,control,0
20736,control,0
20522,control,0
21242,test,0
21769,test,0
20765,control,0
20051,control,0
21442,test,0
21050,test,0
21160,test,0
21681,test,0
21646,test,0
21117,test,0
21577,test,1
21333,test,0
21596,test,0
21100,test,1
20121,control,1
21286,test,0
21404,test,0
20224,control,1
21293,test,0
20446,control,0
21368,test,1
21226,test,0
20703,control,0
20670,control,0
20560,control,0
21352,test,1
20234,control,0
20626,control,0
20668,control,0
21370,test,0
20376,control,0
21309,test,0
21259,test,0
21572,test,0
20800,control,0
20671,control,1
21456,test,0
20006,control,0
20197,control,0
21377,test,0
20436,control,0
20903,control,0
21476,test,0
21742,test,0
21493,test,1
21446,test,0
20362,control,0
20086,control,0
20384,control,1
21767,test,0
21726,test,0
21796,test,0
20606,control,1
21054,test,1
20353,control,0
20055,control,0
20035,control,0
20379,control,0
20974,test,0
20264,control,0
20048,control,1
20681,control,0
21280,test,0
21264,test,1
20004,control,1
21416,test,0
21465,test,0
20324,control,0
20928,control,0
21356,test,0
21120,test,0
20293,control,0
20531,control,0
20984,test,0
20422,control,0
20706,control,0
21580,test,0
20077,control,0
20525,control,0
20807,control,0
20897,control,0
20688,control,0
20914,control,1
21383,test,0
21822,test,0
20613,control,0
21039,test,0
20542,control,1
20104,control,0
21209,test,1
20911,control,0
20408,control,1
20957,test,0
20079,control,0
21376,test,1
20442,control,0
20549,control,0
21448,test,0
20301,control,0
20021,control,0
20988,test,0
20729,control,0
20509,control,0
20832,control,1
21509,test,0
21109,test,0
20225,control,0
20917,control,0
21305,test,0
21444,test,0
20061,control,0
20898,control,0
20689,control,0
21720,test,0
21500,test,0
21622,test,0
20940,control,0
21611,test,0
20047,control,0
20434,control,1
21362,test,0
20497,control,0
20783,control,0
20314,control,0
20700,control,0
21671,test,1
20945,test,0
20137,control,0
20554,control,0
20188,control,0
20090,control,0
20787,control,0
21487,test,0
21400,test,1
20271,control,0
20380,control,0
21721,test,1
21629,test,0
20776,control,0
20558,control,1
20782,control,0
20198,control,0
20458,control,0
20868,control,0
20008,control,0
20642,control,0
20675,control,0
20252,control,0
21569,test,1
21200,test,0
21116,test,0
20323,control,0
20014,control,0
20470,control,0
21655,test,0
21827,test,0
20103,control,0
20003,control,0
20318,control,0
21037,test,0
21267,test,1
20334,control,0
21003,test,1
21004,test,0
21186,test,0
20876,control,0
21229,test,0
20194,control,0
20915,control,0
20440,control,0
21083,test,0
20902,control,0
21165,test,0
20705,control,0
20993,test,0
21269,test,0
20994,test,0
20743,control,0
21597,test,0
21749,test,0
20653,control,0
20819,control,1
20187,control,0
21393,test,0
21439,test,0
21704,test,1
20997,test,0
21520,test,0
21812,test,0
21821,test,0
21385,test,0
21844,test,0
20459,control,0
20572,control,0
20900,control,0
21355,test,0
20274,control,0
21662,test,0
20693,control,0
21167,test,0
21467,test,0
20372,control,0
21761,test,0
20283,control,0
21066,test,0
20126,control,0
20570,control,0
21849,test,0
21710,test,0
21105,test,0
21374,test,0
21128,test,0
21475,test,0
21388,test,0
21138,test,0
20504,control,0
20168,control,0
21766,test,0
21590,test,0
21588,test,0
21773,test,0
21298,test,0
20396,control,0
21171,test,0
21170,test,0
20045,control,0
21014,test,0
21391,test,0
21302,test,0
20120,control,0
20248,control,0
20942,test,0
21494,test,0
20665,control,0
21474,test,0
21395,test,0
21551,test,0
21728,test,0
20128,control,0
20116,control,0
20533,control,0
21809,test,0
20211,control,0
21227,test,0
20114,control,0
20677,control,0
20848,control,0
21825,test,0
21823,test,0
21470,test,0
20788,control,0
21410,test,0
20586,control,0
21693,test,0
21324,test,0
21603,test,0
21675,test,1
20925,control,0
20127,control,0
21382,test,0
21687,test,0
20365,control,0
20713,control,0
20287,control,0
21672,test,0
21369,test,0
21532,test,0
20030,control,0
20564,control,0
20860,control,0
21360,test,0
21135,test,0
20135,control,0
20773,control,0
20457,control,0
20157,control,1
21036,test,0
21199,test,0
21212,test,0
20214,control,0
20869,control,1
21063,test,0
21826,test,0
21503,test,0
20805,control,1
21722,test,0
20011,control,1
21086,test,0
20566,control,0
21707,test,0
21546,test,0
21157,test,0
20435,control,0
20385,control,0
20431,control,0
20610,control,0
20499,control,0
20031,control,0
21645,test,0
21423,test,1
21325,test,0
20529,control,0
21198,test,0
20551,control,0
21405,test,0
20998,test,1
21143,test,0
20193,control,0
21619,test,1
20450,control,0
20382,control,0
21006,test,1
21486,test,1
21775,test,0
20986,test,0
21094,test,0
20217,control,0
21255,test,0
21183,test,0
21068,test,0
21679,test,0
21104,test,1
20222,control,0
20143,control,0
20919,control,0
20758,control,0
21072,test,0
21247,test,1
20577,control,0
21221,test,1
20955,test,0
21459,test,0
20414,control,0
20981,test,0
20272,control,1
20937,control,1
20282,control,0
20863,control,0
21131,test,1
21780,test,1
21833,test,0
21510,test,0
20337,control,0
21706,test,0
20341,control,1
20226,control,0
21194,test,0
20734,control,0
20828,control,0
21002,test,0
21625,test,1
21783,test,0
21152,test,0
20814,control,0
21554,test,0
21829,test,0
20943,test,0
20649,control,0
20201,control,0
20138,control,0
21491,test,0
21549,test,0
20636,control,0
21478,test,0
20629,control,0
20416,control,0
21581,test,0
20571,control,0
20715,control,0
21647,test,0
21635,test,0
20131,control,0
21658,test,0
20042,control,0
21287,test,0
21521,test,0
20363,control,0
20785,control,0
21222,test,0
20173,control,0
20939,control,0
20200,control,0
21557,test,0
20588,control,0
20852,control,0
20404,control,0
20481,control,0
21274,test,0
20237,control,0
20420,control,1
20695,control,0
20473,control,0
21628,test,0
21452,test,0
20397,control,0
21233,test,0
20835,control,1
20738,control,0
20065,control,0
20118,control,0
20251,control,0
21594,test,0
20339,control,1
21492,test,1
20646,control,0
20781,control,0
21768,test,0
20407,control,0
20811,control,1
21046,test,1
20751,control,0
21795,test,0
20719,control,0
21224,test,0
21178,test,0
20748,control,0
20951,test,0
21682,test,0
21279,test,0
20691,control,0
21649,test,0
21550,test,0
21348,test,1
21141,test,0
20604,control,0
20617,control,0
21344,test,0
21225,test,0
20452,control,1
21282,test,0
21008,test,0
21139,test,0
20145,control,0
20716,control,0
20557,control,0
20519,control,0
20299,control,0
20191,control,0
20760,control,0
21816,test,0
20839,control,0
21451,test,0
21085,test,0
21087,test,0
20067,control,0
20873,control,0
21195,test,1
21291,test,0
20979,test,0
20213,control,0
21314,test,0
20349,control,0
21022,test,0
20444,control,0
21359,test,0
21252,test,0
21618,test,0
20409,control,0
20932,control,1
20177,control,0
20739,control,0
20487,control,1
20451,control,0
21818,test,0
21243,test,1
21024,test,0
21464,test,0
21695,test,0
20989,test,0
20890,control,0
21401,test,1
20712,control,0
20966,test,1
20990,test,0
20147,control,0
20498,control,0
20292,control,0
21845,test,0
20243,control,0
20092,control,1
21463,test,0
20543,control,0
20089,control,0
20443,control,0
21793,test,0
20778,control,0
20368,control,0
20171,control,0
20059,control,1
20057,control,0
21351,test,0
21414,test,0
20316,control,0
20757,control,0
21146,test,0
21272,test,0
20039,control,0
21541,test,0
21560,test,0
20973,test,0
20202,control,0
21241,test,0
21056,test,0
20589,control,0
21299,test,0
20947,test,1
21732,test,1
21025,test,0
20332,control,0
21429,test,0
20967,test,0
21626,test,0
20987,test,0
20856,control,0
20423,control,1
20002,control,0
20095,control,0
20894,control,1
21118,test,0
20735,control,0
21336,test,1
21789,test,0
20044,control,0
20286,control,0
20462,control,0
20406,control,0
21180,test,0
21408,test,0
20015,control,0
