sample_id,lab,value
38,Birch Lab,46.96
77,Cedar Lab,46.07
106,Dunn Lab,54.11
48,Birch Lab,44.69
104,Dunn Lab,52.74
53,Birch Lab,56.05
69,Cedar Lab,46.37
82,Cedar Lab,49.07
96,Dunn Lab,52.69
28,Alder Lab,51.79
94,Dunn Lab,59.59
9,Alder Lab,49.29
49,Birch Lab,52.47
76,Cedar Lab,48.42
117,Dunn Lab,55.17
86,Cedar Lab,47.52
51,Birch Lab,53.61
58,Birch Lab,53.58
52,Birch Lab,52.94
80,Cedar Lab,48.09
31,Birch Lab,62.09
54,Birch Lab,56.71
15,Alder Lab,48.08
105,Dunn Lab,52.96
18,Alder Lab,47.07
20,Alder Lab,48.42
103,Dunn Lab,57.24
8,Alder Lab,49.36
37,Birch Lab,49.33
99,Dunn Lab,57.14
97,Dunn Lab,54.51
120,Dunn Lab,53.90
73,Cedar Lab,46.24
72,Cedar Lab,45.95
71,Cedar Lab,46.95
21,Alder Lab,51.86
116,Dunn Lab,54.62
110,Dunn Lab,55.07
55,Birch Lab,49.98
33,Birch Lab,38.49
7,Alder Lab,45.70
68,Cedar Lab,45.57
41,Birch Lab,49.97
3,Alder Lab,49.77
114,Dunn Lab,53.12
19,Alder Lab,49.34
66,Cedar Lab,47.32
34,Birch Lab,56.05
100,Dunn Lab,57.18
11,Alder Lab,50.34
64,Cedar Lab,46.24
81,Cedar Lab,48.03
57,Birch Lab,48.40
44,Birch Lab,52.42
101,Dunn Lab,53.82
10,Alder Lab,47.96
74,Cedar Lab,48.72
26,Alder Lab,45.65
45,Birch Lab,52.88
91,Dunn Lab,54.57
65,Cedar Lab,45.91
16,Alder Lab,46.17
25,Alder Lab,51.14
60,Birch Lab,57.72
78,Cedar Lab,47.31
67,Cedar Lab,48.56
70,Cedar Lab,45.72
83,Cedar Lab,46.94
2,Alder Lab,49.01
61,Cedar Lab,46.26
35,Birch Lab,47.55
102,Dunn Lab,56.93
89,Cedar Lab,47.66
108,Dunn Lab,59.44
22,Alder Lab,49.01
84,Cedar Lab,48.47
85,Cedar Lab,48.07
62,Cedar Lab,48.93
56,Birch Lab,45.34
6,Alder Lab,48.19
4,Alder Lab,46.28
14,Alder Lab,46.13
24,Alder Lab,47.52
95,Dunn Lab,53.56
29,Alder Lab,50.05
47,Birch Lab,52.73
50,Birch Lab,58.36
112,Dunn Lab,56.50
12,Alder Lab,50.77
17,Alder Lab,47.32
63,Cedar Lab,47.48
27,Alder Lab,52.84
88,Cedar Lab,46.13
32,Birch Lab,55.32
36,Birch Lab,60.95
109,Dunn Lab,52.88
90,Cedar Lab,46.11
46,Birch Lab,53.88
87,Cedar Lab,45.97
93,Dunn Lab,56.67
119,Dunn Lab,53.06
98,Dunn Lab,54.44
113,Dunn Lab,55.90
40,Birch Lab,48.56
118,Dunn Lab,54.25
92,Dunn Lab,56.95
43,Birch Lab,53.16
115,Dunn Lab,56.77
13,Alder Lab,49.17
5,Alder Lab,49.16
23,Alder Lab,49.55
75,Cedar Lab,47.86
79,Cedar Lab,46.85
1,Alder Lab,46.70
111,Dunn Lab,49.29
107,Dunn Lab,53.22
42,Birch Lab,53.42
59,Birch Lab,57.05
39,Birch Lab,56.50
30,Alder Lab,45.13
