customer_id,name
2005,Cara Quill
2047,Kai Fir
2030,Quin Elm
2043,Quin Alder
2034,Hana Elm
2029,Wren Elm
2042,Wren Moss
2028,Yara Juniper
2021,Omar Larch
2009,Ava Birch
2018,Vik Oak
2019,Zed Dunn
2008,Gus Birch
2023,Cara Alder
2001,Ben Reed
2025,Milo Hale
2037,Quin Birch
2006,Vik Elm
2038,Wren Quill
2022,Hana Alder
2013,Dev Alder
2044,Ben Juniper
2033,Fay Sage
2035,Uma Oak
2011,Ava Quill
2016,Rhea Iris
2040,Sol Knoll
2039,Sol Quill
2027,Kai Birch
2032,Wren Juniper
2046,Kai Alder
2048,Omar Moss
2041,Tess Moss
2004,Xia Knoll
2036,Wren Dunn
2024,Pia Alder
2020,Fay Dunn
2012,Yara Cedar
2003,Sol Birch
2014,Sol Juniper
2017,Uma Juniper
2015,Zed Quill
2026,Omar Iris
2031,Vik Knoll
2010,Nia Moss
2007,Jun Dunn
2045,Xia Reed
2002,Ivo Alder
