user_id,login_date
704,2026-02-18
710,2026-01-22
701,2026-01-08
706,2026-01-20
713,2026-01-30
702,2026-01-23
709,2026-03-17
712,2026-03-11
705,2026-03-22
709,2026-02-08
704,2026-02-19
701,2026-03-09
702,2026-03-25
705,2026-01-15
704,2026-02-07
705,2026-01-19
702,2026-03-11
706,2026-02-07
704,2026-02-10
707,2026-02-09
703,2026-01-06
704,2026-02-15
702,2026-02-10
702,2026-01-05
705,2026-01-15
709,2026-02-07
714,2026-02-24
714,2026-03-05
703,2026-03-07
710,2026-03-01
705,2026-02-03
712,2026-01-24
703,2026-03-24
709,2026-02-27
701,2026-02-05
706,2026-01-21
703,2026-01-20
713,2026-02-05
710,2026-03-16
706,2026-03-23
710,2026-02-09
706,2026-03-20
704,2026-03-11
713,2026-01-05
702,2026-01-05
709,2026-03-15
713,2026-03-16
707,2026-01-07
706,2026-02-19
712,2026-02-25
704,2026-03-04
709,2026-01-29
713,2026-01-27
701,2026-02-04
714,2026-03-12
701,2026-01-22
702,2026-03-21
712,2026-02-25
701,2026-01-16
705,2026-02-25
709,2026-02-17
709,2026-01-18
706,2026-03-10
703,2026-01-12
710,2026-02-16
701,2026-03-10
708,2026-03-01
712,2026-03-18
710,2026-02-27
704,2026-01-15
712,2026-02-15
705,2026-03-19
703,2026-01-04
703,2026-01-03
706,2026-03-22
706,2026-03-09
705,2026-02-23
710,2026-01-05
708,2026-01-06
712,2026-02-05
707,2026-01-06
704,2026-01-14
701,2026-02-16
714,2026-01-28
703,2026-01-19
707,2026-01-27
701,2026-01-06
702,2026-03-04
707,2026-03-03
710,2026-02-10
704,2026-01-07
712,2026-03-19
712,2026-01-21
706,2026-03-02
710,2026-03-04
711,2026-03-19
711,2026-01-05
707,2026-02-20
713,2026-03-12
704,2026-03-10
709,2026-01-04
710,2026-02-18
707,2026-02-17
708,2026-01-29
710,2026-02-11
713,2026-01-28
712,2026-02-09
704,2026-03-05
701,2026-03-01
702,2026-02-12
708,2026-01-11
701,2026-02-13
703,2026-03-22
710,2026-03-12
714,2026-02-10
705,2026-03-20
711,2026-02-24
709,2026-02-16
714,2026-01-31
708,2026-01-15
702,2026-02-04
703,2026-02-26
709,2026-01-26
706,2026-03-23
710,2026-03-15
707,2026-03-18
713,2026-03-05
713,2026-01-17
704,2026-03-06
701,2026-02-21
709,2026-01-13
709,2026-03-14
709,2026-02-07
701,2026-03-19
707,2026-01-07
705,2026-01-27
704,2026-02-18
706,2026-02-09
701,2026-02-05
708,2026-01-24
712,2026-01-20
714,2026-01-09
705,2026-02-01
713,2026-01-26
702,2026-01-10
711,2026-02-14
706,2026-03-01
702,2026-02-05
703,2026-03-10
710,2026-01-23
707,2026-01-27
701,2026-02-20
702,2026-02-13
703,2026-01-20
713,2026-02-11
701,2026-01-22
705,2026-02-04
703,2026-02-05
709,2026-02-16
704,2026-02-17
712,2026-03-03
707,2026-02-28
711,2026-01-10
701,2026-01-25
701,2026-01-17
704,2026-02-14
702,2026-03-12
710,2026-01-04
701,2026-02-22
712,2026-01-09
710,2026-01-03
704,2026-03-13
710,2026-02-10
712,2026-01-08
705,2026-01-27
712,2026-01-08
705,2026-01-14
708,2026-01-25
712,2026-02-26
701,2026-02-15
712,2026-02-04
706,2026-03-10
705,2026-03-05
706,2026-01-04
706,2026-01-19
710,2026-03-03
708,2026-02-10
711,2026-03-19
705,2026-02-14
713,2026-03-15
705,2026-02-11
706,2026-01-01
705,2026-03-04
702,2026-02-22
702,2026-03-22
712,2026-03-10
704,2026-02-11
704,2026-01-29
706,2026-02-01
707,2026-03-16
708,2026-02-02
714,2026-01-07
709,2026-01-02
711,2026-01-11
706,2026-02-03
713,2026-03-04
705,2026-02-27
705,2026-02-14
708,2026-02-02
707,2026-03-02
708,2026-01-14
714,2026-03-13
706,2026-03-22
705,2026-02-28
713,2026-03-18
701,2026-03-20
704,2026-02-08
714,2026-01-05
702,2026-03-20
712,2026-01-03
704,2026-02-25
702,2026-01-21
714,2026-03-16
710,2026-02-17
714,2026-02-23
709,2026-01-19
701,2026-02-28
708,2026-02-20
713,2026-03-15
703,2026-02-18
701,2026-03-17
704,2026-01-25
705,2026-01-16
701,2026-01-07
709,2026-01-13
702,2026-02-06
707,2026-01-18
703,2026-02-02
702,2026-02-11
702,2026-01-11
714,2026-03-05
703,2026-01-19
708,2026-01-28
712,2026-01-10
712,2026-02-10
709,2026-03-16
709,2026-02-15
706,2026-03-03
711,2026-01-14
708,2026-03-03
706,2026-01-18
710,2026-01-30
702,2026-01-28
706,2026-01-23
704,2026-01-27
714,2026-02-01
707,2026-01-17
707,2026-01-08
703,2026-01-18
707,2026-02-09
703,2026-02-06
711,2026-01-13
707,2026-03-17
703,2026-03-11
703,2026-02-02
708,2026-01-13
703,2026-02-07
709,2026-01-19
702,2026-03-14
703,2026-03-23
713,2026-02-05
712,2026-01-22
709,2026-03-05
713,2026-03-17
701,2026-02-28
705,2026-01-05
713,2026-03-14
714,2026-02-10
714,2026-01-08
704,2026-01-07
701,2026-02-17
712,2026-02-24
709,2026-01-10
704,2026-03-15
701,2026-02-11
713,2026-02-19
706,2026-01-19
710,2026-02-08
704,2026-03-12
712,2026-02-12
705,2026-01-05
711,2026-03-21
707,2026-01-25
708,2026-01-05
710,2026-01-02
707,2026-02-12
703,2026-03-23
707,2026-02-28
712,2026-03-12
712,2026-02-11
711,2026-03-20
713,2026-01-15
704,2026-02-25
712,2026-02-13
708,2026-01-24
710,2026-03-13
704,2026-01-26
710,2026-02-17
709,2026-01-04
704,2026-01-15
706,2026-02-08
702,2026-01-06
713,2026-03-13
701,2026-01-04
704,2026-01-05
710,2026-03-02
713,2026-01-14
705,2026-03-21
704,2026-01-08
705,2026-02-10
703,2026-01-02
712,2026-01-09
709,2026-01-27
705,2026-02-24
713,2026-02-06
709,2026-02-15
708,2026-03-02
706,2026-03-04
705,2026-01-09
712,2026-03-18
711,2026-01-12
713,2026-01-16
706,2026-01-02
714,2026-01-06
711,2026-01-09
704,2026-03-04
704,2026-01-10
703,2026-01-17
711,2026-01-09
702,2026-01-29
713,2026-03-02
713,2026-02-10
712,2026-01-02
705,2026-02-28
705,2026-03-07
705,2026-02-12
702,2026-03-14
714,2026-03-16
707,2026-02-19
707,2026-03-19
704,2026-03-20
703,2026-03-21
709,2026-01-12
707,2026-02-07
707,2026-01-28
706,2026-03-11
701,2026-03-11
708,2026-01-27
714,2026-01-07
703,2026-03-10
709,2026-02-06
711,2026-02-15
711,2026-02-13
705,2026-02-25
710,2026-03-11
714,2026-02-14
701,2026-02-23
711,2026-03-21
714,2026-03-17
707,2026-01-05
702,2026-01-07
712,2026-01-19
703,2026-01-05
713,2026-01-29
701,2026-03-16
702,2026-03-23
709,2026-02-27
712,2026-03-17
702,2026-02-03
702,2026-01-09
703,2026-03-08
707,2026-03-05
705,2026-01-18
701,2026-01-20
704,2026-03-14
707,2026-02-06
708,2026-03-13
710,2026-03-15
710,2026-02-09
705,2026-03-13
708,2026-01-12
706,2026-03-11
705,2026-03-01
707,2026-03-04
708,2026-02-21
706,2026-02-02
712,2026-02-06
711,2026-01-27
714,2026-03-18
707,2026-01-26
704,2026-02-17
705,2026-03-06
707,2026-02-12
701,2026-01-18
712,2026-01-23
704,2026-03-09
703,2026-01-14
714,2026-02-25
706,2026-01-23
702,2026-03-15
709,2026-02-05
711,2026-02-03
701,2026-02-03
701,2026-02-22
703,2026-01-13
707,2026-01-23
701,2026-02-14
706,2026-01-31
702,2026-01-07
712,2026-01-25
701,2026-01-05
702,2026-01-08
703,2026-03-07
705,2026-01-09
703,2026-01-22
711,2026-03-15
701,2026-03-04
707,2026-01-24
712,2026-03-09
708,2026-03-13
710,2026-01-02
714,2026-01-18
705,2026-02-26
702,2026-01-30
708,2026-03-11
705,2026-02-13
701,2026-02-13
714,2026-02-11
711,2026-01-10
704,2026-03-10
701,2026-03-18
714,2026-01-04
701,2026-01-26
702,2026-01-22
703,2026-02-03
713,2026-02-20
706,2026-01-17
705,2026-01-04
713,2026-03-14
713,2026-03-03
708,2026-01-13
713,2026-02-07
713,2026-01-15
708,2026-02-19
702,2026-01-31
709,2026-01-11
709,2026-01-25
701,2026-02-04
702,2026-03-23
705,2026-01-17
705,2026-02-02
709,2026-02-05
706,2026-01-11
706,2026-01-20
712,2026-03-20
703,2026-01-17
707,2026-02-11
704,2026-02-09
705,2026-02-02
702,2026-01-20
706,2026-01-03
707,2026-02-11
714,2026-03-14
709,2026-01-17
703,2026-01-21
712,2026-01-11
710,2026-01-24
712,2026-01-24
701,2026-02-12
708,2026-01-26
701,2026-01-26
702,2026-03-24
702,2026-03-13
714,2026-03-15
701,2026-02-06
707,2026-03-01
705,2026-01-18
711,2026-02-02
701,2026-01-19
702,2026-02-04
703,2026-03-20
704,2026-01-09
709,2026-02-17
710,2026-01-15
705,2026-02-04
708,2026-01-25
714,2026-01-27
707,2026-02-18
704,2026-03-06
701,2026-01-20
709,2026-01-20
704,2026-01-30
703,2026-01-04
706,2026-02-02
711,2026-03-05
712,2026-02-05
713,2026-02-04
712,2026-03-02
709,2026-02-06
711,2026-01-25
701,2026-01-21
704,2026-01-06
714,2026-01-05
702,2026-01-28
713,2026-01-25
712,2026-02-09
708,2026-01-05
701,2026-03-18
703,2026-02-25
712,2026-01-19
710,2026-03-14
714,2026-02-09
711,2026-02-16
703,2026-02-01
707,2026-02-10
714,2026-01-29
710,2026-02-19
712,2026-02-22
701,2026-03-17
711,2026-02-12
711,2026-01-13
704,2026-01-28
702,2026-03-19
702,2026-02-12
710,2026-02-28
710,2026-03-05
706,2026-03-12
708,2026-02-28
703,2026-02-17
706,2026-01-30
709,2026-03-04
703,2026-02-04
703,2026-03-09
707,2026-03-15
701,2026-03-04
708,2026-03-12
706,2026-03-21
709,2026-03-18
706,2026-02-03
702,2026-02-09
712,2026-01-07
704,2026-02-16
704,2026-02-06
713,2026-02-19
713,2026-02-21
702,2026-03-04
702,2026-01-29
706,2026-03-01
711,2026-01-26
712,2026-02-23
706,2026-01-22
705,2026-03-12
709,2026-01-28
701,2026-01-19
707,2026-02-20
707,2026-01-17
708,2026-02-21
712,2026-02-14
702,2026-02-05
710,2026-03-05
709,2026-01-21
708,2026-01-04
713,2026-03-04
710,2026-03-17
712,2026-02-26
714,2026-01-30
713,2026-03-17
704,2026-03-05
709,2026-01-20
709,2026-02-18
701,2026-02-16
704,2026-01-05
707,2026-02-08
702,2026-02-06
704,2026-01-24
712,2026-03-10
709,2026-01-03
706,2026-02-19
705,2026-01-08
711,2026-01-15
702,2026-03-20
711,2026-02-12
