order_id,customer_id,amount,status
9052,2022,186.08,completed
9093,2045,111.21,completed
9015,2007,144.48,completed
9102,,57.44,completed
9077,2036,10.54,cancelled
9087,2040,228.94,refunded
9049,2021,161.58,completed
9058,2028,183.01,completed
9072,2034,20.74,completed
9073,2035,231.62,completed
9097,2048,54.78,completed
9034,2014,120.88,completed
9084,2038,52.63,completed
9045,2018,219.36,cancelled
9011,2006,220.49,completed
9086,2040,74.56,completed
9019,2008,239.15,cancelled
9035,2014,45.87,cancelled
9069,2032,174,completed
9025,2011,18.28,refunded
9012,2007,178.08,completed
9099,2048,145.41,completed
9031,2013,77.79,completed
9006,2003,80.72,completed
9046,2020,50.66,completed
9095,2046,210.9,completed
9090,2044,216.64,cancelled
9010,2005,222.07,completed
9057,2026,81.9,completed
9016,2008,119.28,completed
9080,2037,116.4,completed
9079,2036,210.28,completed
9037,2015,136.56,cancelled
9001,2001,185.3,completed
9024,2011,101.42,completed
9054,2023,127.78,cancelled
9075,2035,29.69,refunded
9007,2004,29.86,completed
9028,2012,21.86,completed
9089,2044,71.53,cancelled
9042,2016,163.14,completed
9020,2009,183.33,completed
9082,2037,171.1,refunded
9068,2031,156.67,refunded
9094,2046,45.68,completed
9061,2029,68.86,completed
9067,2031,175.66,completed
9064,2030,159.21,cancelled
9088,2042,124.75,cancelled
9071,2034,224.38,completed
9036,2015,230.94,cancelled
9065,2030,140.86,cancelled
9078,2036,111.14,cancelled
9002,2001,97.77,completed
9014,2007,118.67,refunded
9101,,140.87,completed
9074,2035,238.63,completed
9060,2028,143.95,refunded
9026,2011,43.6,completed
9043,2017,149.62,completed
9100,2048,64.62,completed
9055,2024,183.69,completed
9008,2004,46.09,completed
9017,2008,89.77,completed
9022,2009,150.39,completed
9030,2012,120.64,completed
9040,2016,102,completed
9096,2047,229.74,completed
9050,2022,129.23,completed
9029,2012,184.55,completed
9004,2002,120.78,refunded
9038,2015,136.61,cancelled
9023,2009,190.24,completed
9091,2044,82.64,cancelled
9048,2021,67.25,cancelled
9003,2002,174.43,completed
9053,2023,54.08,cancelled
9098,2048,237.71,cancelled
9081,2037,98.38,completed
9039,2015,70.83,cancelled
9056,2026,148.49,completed
9044,2018,75.25,cancelled
9085,2039,222.59,completed
9018,2008,84.67,refunded
9013,2007,26.29,completed
9103,,99.35,completed
9033,2013,146.8,completed
9076,2036,174.84,completed
9062,2029,222.82,refunded
9059,2028,193.46,completed
9105,,150.48,completed
9041,2016,162.18,cancelled
9070,2032,83.36,completed
9083,2037,114.71,completed
9092,2045,118.45,completed
9021,2009,12.85,refunded
9063,2029,206.61,completed
9032,2013,141.46,completed
9051,2022,140.55,completed
9104,,24.48,completed
9047,2021,192.05,completed
9005,2002,28.05,completed
9009,2004,169.03,cancelled
9027,2011,218.81,cancelled
9066,2030,55.01,cancelled
