emp_id,name,manager_id
1,Sol Quill,
16,Vik Moss,10
20,Wren Pine,17
3,Ava Iris,1
32,Tess Dunn,2
12,Omar Fir,1
24,Yara Nettle,11
9,Kai Pine,5
30,Yara Alder,23
5,Yara Reed,1
37,Kai Elm,26
2,Xia Larch,1
21,Sol Hale,12
14,Gus Moss,8
38,Omar Thorn,34
22,Yara Quill,15
33,Milo Reed,1
40,Elio Grove,18
11,Jun Nettle,7
36,Lena Larch,16
27,Elio Hale,6
8,Jun Sage,7
15,Xia Nettle,9
19,Quin Hale,5
6,Xia Grove,5
35,Xia Fir,20
10,Wren Fir,4
7,Rhea Nettle,4
4,Cara Moss,1
34,Sol Thorn,32
13,Wren Elm,7
23,Ben Hale,9
39,Xia Birch,17
26,Quin Sage,3
17,Sol Nettle,5
29,Elio Larch,23
18,Ben Grove,1
25,Ben Nettle,13
28,Jun Elm,9
31,Elio Pine,15
