order_id,payload
5001,"{""customer"":{""id"":20,""name"":""Ben Okafor""},""total"":88.57}"
5002,"{""customer"":{""id"":28,""name"":""Fay Larsen""},""total"":338.47}"
5003,"{""customer"":{""id"":27,""name"":""Ana Silva""},""total"":246.83}"
5004,"{""customer"":{""id"":3,""name"":""Gus Patel""},""total"":421.21}"
5005,"{""customer"":{""id"":1,""name"":""Ivo Rossi""},""total"":309.62}"
5006,"{""customer"":{""id"":39,""name"":""Dara Nguyen""},""total"":63.09}"
5007,"{""customer"":{""id"":8,""name"":""Ivo Rossi""},""total"":215.09}"
5008,"{""customer"":{""id"":38,""name"":""Ana Silva""},""total"":211.34}"
5009,"{""customer"":{""id"":31,""name"":""Ben Okafor""},""total"":313.58}"
5010,"{""customer"":{""id"":1,""name"":""Fay Larsen""},""total"":388.45}"
5011,"{""customer"":{""id"":21,""name"":""Ana Silva""},""total"":254.46}"
5012,"{""customer"":{""id"":9,""name"":""Ben Okafor""},""total"":490.21}"
5013,"{""customer"":{""id"":35,""name"":""Chen Wu""},""total"":290.66}"
5014,"{""customer"":{""id"":39,""name"":""Eli Cohen""},""total"":57.62}"
5015,"{""customer"":{""id"":18,""name"":""Fay Larsen""},""total"":354.25}"
5016,"{""customer"":{""id"":29,""name"":""Ana Silva""},""total"":34.59}"
5017,"{""customer"":{""id"":36,""name"":""Eli Cohen""},""total"":455.08}"
5018,"{""customer"":{""id"":19,""name"":""Hana Kim""},""total"":295.36}"
5019,"{""customer"":{""id"":35,""name"":""Ivo Rossi""},""total"":208.46}"
5020,"{""customer"":{""id"":32,""name"":""Eli Cohen""},""total"":404.27}"
5021,"{""customer"":{""id"":8,""name"":""Ivo Rossi""},""total"":48.2}"
5022,"{""customer"":{""id"":9,""name"":""Ben Okafor""},""total"":123.13}"
5023,"{""customer"":{""id"":38,""name"":""Ivo Rossi""},""total"":120.27}"
5024,"{""customer"":{""id"":21,""name"":""Fay Larsen""},""total"":112.94}"
5025,"{""customer"":{""id"":24,""name"":""Gus Patel""},""total"":323.71}"
5026,"{""customer"":{""id"":22,""name"":""Gus Patel""},""total"":173.45}"
5027,"{""customer"":{""id"":9,""name"":""Ana Silva""},""total"":10.57}"
5028,"{""customer"":{""id"":40,""name"":""Jo Mendes""},""total"":126.19}"
5029,"{""customer"":{""id"":11,""name"":""Ben Okafor""},""total"":10.21}"
5030,"{""customer"":{""id"":11,""name"":""Ana Silva""},""total"":143.95}"
5031,"{""customer"":{""id"":35,""name"":""Jo Mendes""},""total"":192.75}"
5032,"{""customer"":{""id"":26,""name"":""Gus Patel""},""total"":362.47}"
5033,"{""customer"":{""id"":23,""name"":""Ivo Rossi""},""total"":140.06}"
5034,"{""customer"":{""id"":12,""name"":""Chen Wu""},""total"":107.11}"
5035,"{""customer"":{""id"":14,""name"":""Ivo Rossi""},""total"":252.75}"
5036,"{""customer"":{""id"":16,""name"":""Jo Mendes""},""total"":69.12}"
5037,"{""customer"":{""id"":38,""name"":""Eli Cohen""},""total"":106.64}"
5038,"{""customer"":{""id"":39,""name"":""Ana Silva""},""total"":468.15}"
5039,"{""customer"":{""id"":19,""name"":""Gus Patel""},""total"":327.13}"
5040,"{""customer"":{""id"":8,""name"":""Jo Mendes""},""total"":24.32}"
5041,"{""customer"":{""id"":14,""name"":""Hana Kim""},""total"":126.59}"
5042,"{""customer"":{""id"":33,""name"":""Hana Kim""},""total"":368.07}"
5043,"{""customer"":{""id"":34,""name"":""Eli Cohen""},""total"":97.55}"
5044,"{""customer"":{""id"":31,""name"":""Ana Silva""},""total"":485.39}"
5045,"{""customer"":{""id"":17,""name"":""Eli Cohen""},""total"":36.99}"
5046,"{""customer"":{""id"":38,""name"":""Ana Silva""},""total"":166.85}"
5047,"{""customer"":{""id"":7,""name"":""Gus Patel""},""total"":400.16}"
5048,"{""customer"":{""id"":34,""name"":""Ben Okafor""},""total"":111.84}"
5049,"{""customer"":{""id"":15,""name"":""Ivo Rossi""},""total"":78.34}"
5050,"{""customer"":{""id"":2,""name"":""Hana Kim""},""total"":191.23}"
5051,"{""customer"":{""id"":31,""name"":""Fay Larsen""},""total"":148.32}"
5052,"{""customer"":{""id"":4,""name"":""Ben Okafor""},""total"":406.24}"
5053,"{""customer"":{""id"":5,""name"":""Gus Patel""},""total"":249.61}"
5054,"{""customer"":{""id"":28,""name"":""Fay Larsen""},""total"":466.24}"
5055,"{""customer"":{""id"":12,""name"":""Hana Kim""},""total"":128.42}"
5056,"{""customer"":{""id"":18,""name"":""Dara Nguyen""},""total"":403.57}"
5057,"{""customer"":{""id"":19,""name"":""Fay Larsen""},""total"":440.1}"
5058,"{""customer"":{""id"":12,""name"":""Jo Mendes""},""total"":285.61}"
5059,"{""customer"":{""id"":10,""name"":""Ana Silva""},""total"":255.72}"
5060,"{""customer"":{""id"":23,""name"":""Jo Mendes""},""total"":125.3}"
5061,"{""customer"":{""id"":27,""name"":""Jo Mendes""},""total"":197.6}"
5062,"{""customer"":{""id"":7,""name"":""Hana Kim""},""total"":173.98}"
5063,"{""customer"":{""id"":30,""name"":""Hana Kim""},""total"":237.87}"
5064,"{""customer"":{""id"":5,""name"":""Ana Silva""},""total"":301.9}"
5065,"{""customer"":{""id"":33,""name"":""Eli Cohen""},""total"":137.55}"
5066,"{""customer"":{""id"":36,""name"":""Hana Kim""},""total"":168.6}"
5067,"{""customer"":{""id"":21,""name"":""Chen Wu""},""total"":489.47}"
5068,"{""customer"":{""id"":1,""name"":""Ben Okafor""},""total"":300.16}"
5069,"{""customer"":{""id"":22,""name"":""Fay Larsen""},""total"":57.59}"
5070,"{""customer"":{""id"":23,""name"":""Ben Okafor""},""total"":81.92}"
5071,"{""customer"":{""id"":24,""name"":""Ana Silva""},""total"":295.86}"
5072,"{""customer"":{""id"":9,""name"":""Ana Silva""},""total"":223.41}"
5073,"{""customer"":{""id"":37,""name"":""Hana Kim""},""total"":496.3}"
5074,"{""customer"":{""id"":2,""name"":""Gus Patel""},""total"":224.2}"
5075,"{""customer"":{""id"":28,""name"":""Jo Mendes""},""total"":449.37}"
5076,"{""customer"":{""id"":35,""name"":""Ivo Rossi""},""total"":259.31}"
5077,"{""customer"":{""id"":21,""name"":""Hana Kim""},""total"":202.42}"
5078,"{""customer"":{""id"":4,""name"":""Fay Larsen""},""total"":341.33}"
5079,"{""customer"":{""id"":7,""name"":""Gus Patel""},""total"":180.65}"
5080,"{""customer"":{""id"":21,""name"":""Ana Silva""},""total"":67.99}"
