store,month,revenue
Austin,jan,5357.79
Austin,feb,4511.38
Austin,mar,1796.44
Denver,jan,5511.92
Denver,feb,4202.48
Denver,mar,7124.48
Leeds,jan,1678.70
Leeds,feb,1323.88
Leeds,mar,7966.48
Lyon,jan,8573.40
Lyon,feb,3655.45
Lyon,mar,6950.55
Porto,jan,5436.28
Porto,feb,7242.52
Porto,mar,1515.39
Osaka,jan,4179.20
Osaka,feb,3044.53
Osaka,mar,2594.10
Lagos,jan,1263.43
Lagos,feb,7767.06
Lagos,mar,8433.44
Quito,jan,7041.29
Quito,feb,6367.74
Quito,mar,3673.16
Oslo,jan,8233.29
Oslo,feb,5193.89
Oslo,mar,1635.53
Kyoto,jan,1802.44
Kyoto,feb,2175.43
Kyoto,mar,9544.95
