sku,product_name,category,quantity,updated_at
 SKU-1000,Laptop Sleeve,ELECTRONICS,189,2026-03-01T00:00:00.000Z
SKU-1001,Desk Lamp,PERIPHERALS,50,2026-03-01T01:00:00.000Z
SKU-1002,Mechanical Keyboard,ACCESSORIES,172,2026-03-01T02:00:00.000Z
SKU-1003,Mechanical Keyboard,OFFICE,99,2026-03-01T03:00:00.000Z
SKU-1004,Monitor Stand,PERIPHERALS,60,2026-03-01T04:00:00.000Z
SKU-1005,Monitor Stand,PERIPHERALS,57,2026-03-01T05:00:00.000Z
SKU-1006,Webcam,PERIPHERALS,81,2026-03-01T06:00:00.000Z
SKU-1007,Laptop Sleeve,ACCESSORIES,134,2026-03-01T07:00:00.000Z
SKU-1008,Webcam,PERIPHERALS,112,2026-03-01T08:00:00.000Z
SKU-1009,Laptop Sleeve,ELECTRONICS,116,2026-03-01T09:00:00.000Z
SKU-1010,Mechanical Keyboard,ACCESSORIES,144,2026-03-01T10:00:00.000Z
SKU-1011,Cable Organizer,OFFICE,173,2026-03-01T11:00:00.000Z
SKU-1012,Laptop Sleeve,ELECTRONICS,81,2026-03-01T12:00:00.000Z
SKU-1013,Monitor Stand,Electronics,65,2026-03-01T13:00:00.000Z
SKU-1014,Laptop Sleeve,PERIPHERALS,out of stock,2026-03-01T14:00:00.000Z
SKU-1015,Wireless Mouse,ACCESSORIES,out of stock,2026-03-01T15:00:00.000Z
SKU-1016,Mechanical Keyboard,ELECTRONICS,117,2026-03-01T16:00:00.000Z
SKU-1017,Webcam,PERIPHERALS,76,2026-03-01T17:00:00.000Z
SKU-1018,USB-C Hub,accessories,109,2026-03-01T18:00:00.000Z
SKU-1019,Monitor Stand,PERIPHERALS,53,2026-03-01T19:00:00.000Z
SKU-1020,Laptop Sleeve,ACCESSORIES,171,2026-03-01T20:00:00.000Z
SKU-1021,USB-C Hub,PERIPHERALS,54,2026-03-01T21:00:00.000Z
SKU-1022,Laptop Sleeve,OFFICE,5,2026-03-01T22:00:00.000Z
SKU-1023,Wireless Mouse,Office,67,2026-03-01T23:00:00.000Z
 SKU-1024,Webcam,OFFICE,out of stock,2026-03-02T00:00:00.000Z
SKU-1025,USB-C Hub,PERIPHERALS,92,2026-03-02T01:00:00.000Z
SKU-1026,USB-C Hub,PERIPHERALS,117,2026-03-02T02:00:00.000Z
 SKU-1027,Wireless Mouse,ACCESSORIES,12,2026-03-02T03:00:00.000Z
SKU-1028,Desk Lamp,peripherals,16,2026-03-02T04:00:00.000Z
SKU-1029,Wireless Mouse,ACCESSORIES,108,2026-03-02T05:00:00.000Z
SKU-1030,Mechanical Keyboard,PERIPHERALS,158,2026-03-02T06:00:00.000Z
SKU-1031,Wireless Mouse,electronics,138,2026-03-02T07:00:00.000Z
SKU-1032,Desk Lamp,ELECTRONICS,80,2026-03-02T08:00:00.000Z
 SKU-1033,Mechanical Keyboard,ELECTRONICS,192,2026-03-02T09:00:00.000Z
SKU-1034,Webcam,accessories,174,2026-03-02T10:00:00.000Z
SKU-1035,USB-C Hub,ACCESSORIES,25,2026-03-02T11:00:00.000Z
SKU-1036,Webcam,ELECTRONICS,9,2026-03-02T12:00:00.000Z
SKU-1037,Monitor Stand,ELECTRONICS,37,2026-03-02T13:00:00.000Z
SKU-1038 ,Wireless Mouse,OFFICE,160,2026-03-02T14:00:00.000Z
SKU-1039,Mechanical Keyboard,ELECTRONICS,36,2026-03-02T15:00:00.000Z
SKU-1040,Desk Lamp,ELECTRONICS,123,2026-03-02T16:00:00.000Z
SKU-1041,Desk Lamp,PERIPHERALS,87,2026-03-02T17:00:00.000Z
SKU-1042,Webcam,ELECTRONICS,49,2026-03-02T18:00:00.000Z
SKU-1043,Mechanical Keyboard,ELECTRONICS,162,2026-03-02T19:00:00.000Z
SKU-1044,Laptop Sleeve,ACCESSORIES,n/a,2026-03-02T20:00:00.000Z
SKU-1045,Webcam,Accessories,69,2026-03-02T21:00:00.000Z
 SKU-1046,Mechanical Keyboard,ELECTRONICS,20,2026-03-02T22:00:00.000Z
SKU-1047,Webcam,Office,106,2026-03-02T23:00:00.000Z
SKU-1048,Monitor Stand,ACCESSORIES,55,2026-03-03T00:00:00.000Z
SKU-1049,Monitor Stand,ELECTRONICS,171,2026-03-03T01:00:00.000Z
SKU-1050,Mechanical Keyboard,PERIPHERALS,85,2026-03-03T02:00:00.000Z
SKU-1051,Mechanical Keyboard,ACCESSORIES,181,2026-03-03T03:00:00.000Z
SKU-1052,Desk Lamp,PERIPHERALS,108,2026-03-03T04:00:00.000Z
SKU-1053,Wireless Mouse,PERIPHERALS,12 units,2026-03-03T05:00:00.000Z
SKU-1054,Laptop Sleeve,PERIPHERALS,165,2026-03-03T06:00:00.000Z
SKU-1055,Cable Organizer,ACCESSORIES,178,2026-03-03T07:00:00.000Z
SKU-1056,Cable Organizer,OFFICE,190,2026-03-03T08:00:00.000Z
SKU-1057,Desk Lamp,electronics,29,2026-03-03T09:00:00.000Z
SKU-1058,Laptop Sleeve,OFFICE,n/a,2026-03-03T10:00:00.000Z
SKU-1059,Laptop Sleeve,ELECTRONICS,151,2026-03-03T11:00:00.000Z
SKU-1060,Laptop Sleeve,ACCESSORIES,140,2026-03-03T12:00:00.000Z
SKU-1061,Cable Organizer,PERIPHERALS,35,2026-03-03T13:00:00.000Z
SKU-1062,Laptop Sleeve,PERIPHERALS,80,2026-03-03T14:00:00.000Z
 SKU-1063,Cable Organizer,ELECTRONICS,132,2026-03-03T15:00:00.000Z
SKU-1064,Laptop Sleeve,Accessories,131,2026-03-03T16:00:00.000Z
SKU-1065,Webcam,PERIPHERALS,32,2026-03-03T17:00:00.000Z
SKU-1066,Desk Lamp,Electronics,203,2026-03-03T18:00:00.000Z
SKU-1067,Wireless Mouse,ACCESSORIES,154,2026-03-03T19:00:00.000Z
SKU-1068,Wireless Mouse,ELECTRONICS,102,2026-03-03T20:00:00.000Z
SKU-1069,Laptop Sleeve,OFFICE,11,2026-03-03T21:00:00.000Z
SKU-1070,Cable Organizer,ELECTRONICS,173,2026-03-03T22:00:00.000Z
SKU-1071,Monitor Stand,OFFICE,167,2026-03-03T23:00:00.000Z
SKU-1072,Desk Lamp,OFFICE,176,2026-03-04T00:00:00.000Z
SKU-1073,USB-C Hub,ELECTRONICS,181,2026-03-04T01:00:00.000Z
SKU-1074,Webcam,OFFICE,21,2026-03-04T02:00:00.000Z
SKU-1075,Cable Organizer,OFFICE,83,2026-03-04T03:00:00.000Z
SKU-1076,Webcam,ACCESSORIES,162,2026-03-04T04:00:00.000Z
SKU-1077,USB-C Hub,PERIPHERALS,96,2026-03-04T05:00:00.000Z
SKU-1078,Wireless Mouse,PERIPHERALS,172,2026-03-04T06:00:00.000Z
SKU-1079,Mechanical Keyboard,PERIPHERALS,98,2026-03-04T07:00:00.000Z
SKU-1080 ,Cable Organizer,PERIPHERALS,188,2026-03-04T08:00:00.000Z
SKU-1081,USB-C Hub,OFFICE,159,2026-03-04T09:00:00.000Z
SKU-1082,Cable Organizer,PERIPHERALS,n/a,2026-03-04T10:00:00.000Z
SKU-1083,Cable Organizer,OFFICE,157,2026-03-04T11:00:00.000Z
SKU-1084,Webcam,ELECTRONICS,180,2026-03-04T12:00:00.000Z
SKU-1085,Wireless Mouse,ACCESSORIES,31,2026-03-04T13:00:00.000Z
SKU-1086,Webcam,ACCESSORIES,138,2026-03-04T14:00:00.000Z
SKU-1087,Webcam,PERIPHERALS,190,2026-03-04T15:00:00.000Z
SKU-1088,Webcam,PERIPHERALS,61,2026-03-04T16:00:00.000Z
SKU-1089,Monitor Stand,PERIPHERALS,180,2026-03-04T17:00:00.000Z
 SKU-1090,Monitor Stand,OFFICE,91,2026-03-04T18:00:00.000Z
SKU-1091,Webcam,OFFICE,174,2026-03-04T19:00:00.000Z
SKU-1092,Webcam,PERIPHERALS,103,2026-03-04T20:00:00.000Z
SKU-1093,Mechanical Keyboard,PERIPHERALS,99,2026-03-04T21:00:00.000Z
SKU-1094,Wireless Mouse,ELECTRONICS,88,2026-03-04T22:00:00.000Z
SKU-1095,Desk Lamp,ELECTRONICS,108,2026-03-04T23:00:00.000Z
SKU-1096,Wireless Mouse,ELECTRONICS,185,2026-03-05T00:00:00.000Z
SKU-1097,Cable Organizer,OFFICE,20,2026-03-05T01:00:00.000Z
SKU-1098,Cable Organizer,PERIPHERALS,37,2026-03-05T02:00:00.000Z
SKU-1099,Monitor Stand,OFFICE,77,2026-03-05T03:00:00.000Z
SKU-1100,Desk Lamp,PERIPHERALS,146,2026-03-05T04:00:00.000Z
SKU-1101,Cable Organizer,ELECTRONICS,92,2026-03-05T05:00:00.000Z
SKU-1102,Cable Organizer,PERIPHERALS,16,2026-03-05T06:00:00.000Z
 SKU-1103,Mechanical Keyboard,ELECTRONICS,187,2026-03-05T07:00:00.000Z
SKU-1104,Mechanical Keyboard,PERIPHERALS,8,2026-03-05T08:00:00.000Z
SKU-1105,Desk Lamp,PERIPHERALS,131,2026-03-05T09:00:00.000Z
SKU-1106,Cable Organizer,ACCESSORIES,20,2026-03-05T10:00:00.000Z
SKU-1107,Webcam,PERIPHERALS,204,2026-03-05T11:00:00.000Z
SKU-1108,Wireless Mouse,ELECTRONICS,73,2026-03-05T12:00:00.000Z
SKU-1109,Webcam,OFFICE,135,2026-03-05T13:00:00.000Z
SKU-1110,Monitor Stand,ELECTRONICS,182,2026-03-05T14:00:00.000Z
SKU-1111,Cable Organizer,PERIPHERALS,28,2026-03-05T15:00:00.000Z
SKU-1112,Monitor Stand,OFFICE,134,2026-03-05T16:00:00.000Z
 SKU-1113,Monitor Stand,ACCESSORIES,20,2026-03-05T17:00:00.000Z
SKU-1114,Cable Organizer,ELECTRONICS,50,2026-03-05T18:00:00.000Z
SKU-1115,Desk Lamp,PERIPHERALS,12 units,2026-03-05T19:00:00.000Z
SKU-1116,Desk Lamp,ACCESSORIES,126,2026-03-05T20:00:00.000Z
SKU-1117,Desk Lamp,ELECTRONICS,167,2026-03-05T21:00:00.000Z
SKU-1118,Cable Organizer,PERIPHERALS,93,2026-03-05T22:00:00.000Z
SKU-1119,Laptop Sleeve,ACCESSORIES,13,2026-03-05T23:00:00.000Z
SKU-1120,Wireless Mouse,ACCESSORIES,112,2026-03-06T00:00:00.000Z
SKU-1121 ,Mechanical Keyboard,ELECTRONICS,194,2026-03-06T01:00:00.000Z
SKU-1122,Mechanical Keyboard,PERIPHERALS,172,2026-03-06T02:00:00.000Z
SKU-1123,Monitor Stand,ACCESSORIES,39,2026-03-06T03:00:00.000Z
SKU-1124,Desk Lamp,PERIPHERALS,96,2026-03-06T04:00:00.000Z
SKU-1125,Laptop Sleeve,ACCESSORIES,162,2026-03-06T05:00:00.000Z
SKU-1126,Mechanical Keyboard,OFFICE,15,2026-03-06T06:00:00.000Z
SKU-1127,Webcam,ACCESSORIES,195,2026-03-06T07:00:00.000Z
SKU-1128,Webcam,electronics,37,2026-03-06T08:00:00.000Z
SKU-1129,Cable Organizer,PERIPHERALS,173,2026-03-06T09:00:00.000Z
SKU-1130,USB-C Hub,ELECTRONICS,46,2026-03-06T10:00:00.000Z
SKU-1131,Monitor Stand,PERIPHERALS,190,2026-03-06T11:00:00.000Z
SKU-1132,Desk Lamp,ELECTRONICS,45,2026-03-06T12:00:00.000Z
SKU-1133,Laptop Sleeve,ELECTRONICS,144,2026-03-06T13:00:00.000Z
SKU-1134,Mechanical Keyboard,PERIPHERALS,5,2026-03-06T14:00:00.000Z
SKU-1135,Desk Lamp,Office,118,2026-03-06T15:00:00.000Z
SKU-1136 ,Desk Lamp,ELECTRONICS,56,2026-03-06T16:00:00.000Z
SKU-1137,USB-C Hub,OFFICE,146,2026-03-06T17:00:00.000Z
SKU-1138,Webcam,ACCESSORIES,131,2026-03-06T18:00:00.000Z
SKU-1139,Laptop Sleeve,ELECTRONICS,118,2026-03-06T19:00:00.000Z
SKU-1140,Wireless Mouse,ELECTRONICS,81,2026-03-06T20:00:00.000Z
SKU-1141,Monitor Stand,OFFICE,22,2026-03-06T21:00:00.000Z
SKU-1142,USB-C Hub,OFFICE,105,2026-03-06T22:00:00.000Z
SKU-1143,Cable Organizer,ELECTRONICS,36,2026-03-06T23:00:00.000Z
SKU-1144,Monitor Stand,PERIPHERALS,124,2026-03-07T00:00:00.000Z
SKU-1145,Monitor Stand,PERIPHERALS,64,2026-03-07T01:00:00.000Z
SKU-1146,Mechanical Keyboard,OFFICE,114,2026-03-07T02:00:00.000Z
SKU-1147,Desk Lamp,ACCESSORIES,199,2026-03-07T03:00:00.000Z
SKU-1148,USB-C Hub,PERIPHERALS,33,2026-03-07T04:00:00.000Z
SKU-1149,Monitor Stand,PERIPHERALS,31,2026-03-07T05:00:00.000Z
SKU-1150,Mechanical Keyboard,OFFICE,156,2026-03-07T06:00:00.000Z
SKU-1151,Monitor Stand,ACCESSORIES,30,2026-03-07T07:00:00.000Z
SKU-1152,Cable Organizer,OFFICE,201,2026-03-07T08:00:00.000Z
 SKU-1153,Monitor Stand,office,130,2026-03-07T09:00:00.000Z
SKU-1154,Webcam,ACCESSORIES,102,2026-03-07T10:00:00.000Z
SKU-1155,Desk Lamp,ACCESSORIES,170,2026-03-07T11:00:00.000Z
SKU-1156,Laptop Sleeve,OFFICE,124,2026-03-07T12:00:00.000Z
SKU-1157,Webcam,OFFICE,134,2026-03-07T13:00:00.000Z
SKU-1158,Monitor Stand,ACCESSORIES,72,2026-03-07T14:00:00.000Z
SKU-1159,Wireless Mouse,ACCESSORIES,152,2026-03-07T15:00:00.000Z
SKU-1160,Wireless Mouse,OFFICE,20,2026-03-07T16:00:00.000Z
SKU-1161 ,Mechanical Keyboard,PERIPHERALS,111,2026-03-07T17:00:00.000Z
SKU-1162,Laptop Sleeve,ACCESSORIES,94,2026-03-07T18:00:00.000Z
SKU-1163,Mechanical Keyboard,ELECTRONICS,27,2026-03-07T19:00:00.000Z
SKU-1164,Laptop Sleeve,PERIPHERALS,TBD,2026-03-07T20:00:00.000Z
SKU-1165,Mechanical Keyboard,Office,63,2026-03-07T21:00:00.000Z
SKU-1166,Wireless Mouse,ELECTRONICS,96,2026-03-07T22:00:00.000Z
SKU-1167,Monitor Stand,ACCESSORIES,68,2026-03-07T23:00:00.000Z
SKU-1168,Wireless Mouse,OFFICE,13,2026-03-08T00:00:00.000Z
SKU-1169,Cable Organizer,ELECTRONICS,104,2026-03-08T01:00:00.000Z
SKU-1170,Wireless Mouse,OFFICE,104,2026-03-08T02:00:00.000Z
SKU-1171,Mechanical Keyboard,OFFICE,169,2026-03-08T03:00:00.000Z
SKU-1172,Monitor Stand,ELECTRONICS,70,2026-03-08T04:00:00.000Z
SKU-1173,Webcam,OFFICE,66,2026-03-08T05:00:00.000Z
SKU-1174,Wireless Mouse,ELECTRONICS,27,2026-03-08T06:00:00.000Z
SKU-1175,Wireless Mouse,OFFICE,12 units,2026-03-08T07:00:00.000Z
SKU-1176,Laptop Sleeve,PERIPHERALS,12 units,2026-03-08T08:00:00.000Z
SKU-1177,Laptop Sleeve,ELECTRONICS,34,2026-03-08T09:00:00.000Z
SKU-1178,Monitor Stand,ELECTRONICS,60,2026-03-08T10:00:00.000Z
SKU-1179,Cable Organizer,PERIPHERALS,21,2026-03-08T11:00:00.000Z
SKU-1180,Wireless Mouse,ACCESSORIES,48,2026-03-08T12:00:00.000Z
SKU-1181,Mechanical Keyboard,OFFICE,31,2026-03-08T13:00:00.000Z
SKU-1182,Mechanical Keyboard,ELECTRONICS,150,2026-03-08T14:00:00.000Z
SKU-1183,Desk Lamp,PERIPHERALS,50,2026-03-08T15:00:00.000Z
SKU-1184,Wireless Mouse,ELECTRONICS,5,2026-03-08T16:00:00.000Z
SKU-1185,Wireless Mouse,ELECTRONICS,159,2026-03-08T17:00:00.000Z
SKU-1186,Webcam,PERIPHERALS,181,2026-03-08T18:00:00.000Z
SKU-1187,Mechanical Keyboard,ELECTRONICS,out of stock,2026-03-08T19:00:00.000Z
SKU-1188,USB-C Hub,ELECTRONICS,n/a,2026-03-08T20:00:00.000Z
SKU-1189,Desk Lamp,Electronics,121,2026-03-08T21:00:00.000Z
SKU-1190,Laptop Sleeve,PERIPHERALS,158,2026-03-08T22:00:00.000Z
SKU-1191 ,USB-C Hub,ACCESSORIES,157,2026-03-08T23:00:00.000Z
SKU-1192,Wireless Mouse,PERIPHERALS,89,2026-03-09T00:00:00.000Z
SKU-1193,Laptop Sleeve,peripherals,153,2026-03-09T01:00:00.000Z
SKU-1194,Desk Lamp,accessories,137,2026-03-09T02:00:00.000Z
SKU-1195,Cable Organizer,OFFICE,32,2026-03-09T03:00:00.000Z
SKU-1196,Desk Lamp,OFFICE,50,2026-03-09T04:00:00.000Z
SKU-1197,Wireless Mouse,ACCESSORIES,137,2026-03-09T05:00:00.000Z
SKU-1198,Laptop Sleeve,PERIPHERALS,59,2026-03-09T06:00:00.000Z
SKU-1199,Monitor Stand,ACCESSORIES,19,2026-03-09T07:00:00.000Z
