order_id,customer_email,item_sku,quantity,submitted_at
1,diego.nakamura@example.com,SKU-3310,4,2026-02-01T09:00:00.000Z
2,leila.owusu@example.com,SKU-4488,3,2026-02-01T09:17:00.000Z
3,,SKU-2077,2,2026-02-01T09:34:00.000Z
4,noah.kowalski@example.com,SKU-2077,2,2026-02-01T09:51:00.000Z
5,ravi.kowalski@example.com,SKU-3310,1,2026-02-01T10:08:00.000Z
6,ada.silva@example.com,SKU-2077,2,2026-02-01T10:25:00.000Z
7,fatima.nakamura@example.com,SKU-3310,3,2026-02-01T10:42:00.000Z
8,fatima.kowalski@example.com,SKU-1001,2,2026-02-01T10:59:00.000Z
9,ada.petrov@example.com,SKU-1042,4,2026-02-01T11:16:00.000Z
10,ravi.kowalski@example.com,SKU-2077,1,2026-02-01T11:33:00.000Z
11,yuki.petrov@example.com,SKU-3310,1,2026-02-01T11:50:00.000Z
12,leila.petrov@example.com,SKU-2077,3,2026-02-01T12:07:00.000Z
13,noah.nakamura@example.com,SKU-2077,1,2026-02-01T12:24:00.000Z
14,diego.petrov@example.com,SKU-1042,1,2026-02-01T12:41:00.000Z
15,diego.petrov@example.com,SKU-2077,3,2026-02-01T12:58:00.000Z
16,leila.silva@example.com,SKU-4488,2,2026-02-01T13:15:00.000Z
17,mei.haddad@example.com,SKU-3310,3,2026-02-01T13:32:00.000Z
18,ravi.kowalski@example.com,SKU-4488,3,2026-02-01T13:49:00.000Z
19,fatima.silva@example.com,SKU-2077,4,2026-02-01T14:06:00.000Z
20,ravi.kowalski@example.com,SKU-2077,4,2026-02-01T14:23:00.000Z
21,fatima.petrov@example.com,SKU-1001,3,2026-02-01T14:40:00.000Z
22,ravi.kowalski@example.com,SKU-3310,3,2026-02-01T14:57:00.000Z
23,mei.petrov@example.com,SKU-1001,2,2026-02-01T15:14:00.000Z
24,,SKU-2077,1,2026-02-01T15:31:00.000Z
25,noah.owusu@example.com,SKU-1001,2,2026-02-01T15:48:00.000Z
26,ada.kowalski@example.com,SKU-2077,4,2026-02-01T16:05:00.000Z
27,leila.nakamura@example.com,SKU-1042,3,2026-02-01T16:22:00.000Z
28,yuki.haddad@example.com,SKU-3310,2,2026-02-01T16:39:00.000Z
29,ada.nakamura@example.com,SKU-3310,1,2026-02-01T16:56:00.000Z
30,ada.kowalski@example.com,SKU-3310,4,2026-02-01T17:13:00.000Z
31,ada.silva@example.com,SKU-1042,3,2026-02-01T17:30:00.000Z
32,diego.nakamura@example.com,SKU-1001,1,2026-02-01T17:47:00.000Z
33,fatima.petrov@example.com,SKU-4488,1,2026-02-01T18:04:00.000Z
34,diego.kowalski@example.com,SKU-1001,4,2026-02-01T18:21:00.000Z
35,ravi.petrov@example.com,SKU-3310,4,2026-02-01T18:38:00.000Z
36,noah.nakamura@example.com,SKU-2077,3,2026-02-01T18:55:00.000Z
37,leila.kowalski@example.com,SKU-1042,4,2026-02-01T19:12:00.000Z
38,noah.silva@example.com,SKU-3310,3,2026-02-01T19:29:00.000Z
39,fatima.nakamura@example.com,SKU-4488,1,2026-02-01T19:46:00.000Z
40,mei.nakamura@example.com,SKU-4488,1,2026-02-01T20:03:00.000Z
41,yuki.haddad@example.com,SKU-2077,2,2026-02-01T20:20:00.000Z
42,noah.nakamura@example.com,SKU-2077,1,2026-02-01T20:37:00.000Z
43,ada.owusu@example.com,SKU-4488,1,2026-02-01T20:54:00.000Z
44,fatima.nakamura@example.com,SKU-1001,4,2026-02-01T21:11:00.000Z
45,diego.nakamura@example.com,SKU-4488,2,2026-02-01T21:28:00.000Z
46,yuki.petrov@example.com,SKU-1042,1,2026-02-01T21:45:00.000Z
47,,SKU-1001,3,2026-02-01T22:02:00.000Z
48,yuki.haddad@example.com,SKU-1042,2,2026-02-01T22:19:00.000Z
49,diego.kowalski@example.com,SKU-1001,4,2026-02-01T22:36:00.000Z
50,noah.kowalski@example.com,SKU-3310,1,2026-02-01T22:53:00.000Z
51,ada.kowalski@example.com,SKU-1042,3,2026-02-01T23:10:00.000Z
52,diego.owusu@example.com,SKU-4488,1,2026-02-01T23:27:00.000Z
53,noah.silva@example.com,SKU-2077,4,2026-02-01T23:44:00.000Z
54,ravi.nakamura@example.com,SKU-3310,2,2026-02-02T00:01:00.000Z
55,diego.petrov@example.com,SKU-1001,3,2026-02-02T00:18:00.000Z
56,diego.nakamura@example.com,SKU-3310,4,2026-02-02T00:35:00.000Z
57,fatima.kowalski@example.com,SKU-2077,1,2026-02-02T00:52:00.000Z
58,ada.haddad@example.com,SKU-4488,4,2026-02-02T01:09:00.000Z
59,leila.petrov@example.com,SKU-1001,1,2026-02-02T01:26:00.000Z
60,fatima.haddad@example.com,SKU-1001,4,2026-02-02T01:43:00.000Z
61,yuki.nakamura@example.com,SKU-1042,2,2026-02-02T02:00:00.000Z
62,ada.kowalski@example.com,SKU-1042,2,2026-02-02T02:17:00.000Z
63,noah.silva@example.com,SKU-1001,3,2026-02-02T02:34:00.000Z
64,mei.owusu@example.com,SKU-1001,4,2026-02-02T02:51:00.000Z
65,yuki.silva@example.com,SKU-1001,4,2026-02-02T03:08:00.000Z
66,noah.silva@example.com,SKU-3310,3,2026-02-02T03:25:00.000Z
67,diego.owusu@example.com,SKU-4488,2,2026-02-02T03:42:00.000Z
68,yuki.kowalski@example.com,SKU-2077,2,2026-02-02T03:59:00.000Z
69,yuki.nakamura@example.com,SKU-4488,2,2026-02-02T04:16:00.000Z
70,mei.haddad@example.com,SKU-2077,3,2026-02-02T04:33:00.000Z
71,diego.kowalski@example.com,SKU-1042,1,2026-02-02T04:50:00.000Z
72,leila.haddad@example.com,SKU-3310,1,2026-02-02T05:07:00.000Z
73,yuki.owusu@example.com,SKU-1001,4,2026-02-02T05:24:00.000Z
74,diego.petrov@example.com,SKU-1042,1,2026-02-02T05:41:00.000Z
75,mei.silva@example.com,SKU-1042,4,2026-02-02T05:58:00.000Z
76,ravi.owusu@example.com,SKU-4488,2,2026-02-02T06:15:00.000Z
77,ada.owusu@example.com,SKU-1001,3,2026-02-02T06:32:00.000Z
78,ravi.haddad@example.com,SKU-1001,4,2026-02-02T06:49:00.000Z
79,ada.nakamura@example.com,SKU-1001,4,2026-02-02T07:06:00.000Z
80,diego.kowalski@example.com,SKU-3310,4,2026-02-02T07:23:00.000Z
81,leila.nakamura@example.com,SKU-1042,4,2026-02-02T07:40:00.000Z
82,noah.nakamura@example.com,SKU-3310,3,2026-02-02T07:57:00.000Z
83,mei.silva@example.com,SKU-1042,2,2026-02-02T08:14:00.000Z
84,fatima.nakamura@example.com,SKU-1001,1,2026-02-02T08:31:00.000Z
85,fatima.kowalski@example.com,SKU-2077,2,2026-02-02T08:48:00.000Z
86,diego.silva@example.com,SKU-3310,3,2026-02-02T09:05:00.000Z
87,leila.nakamura@example.com,SKU-1042,1,2026-02-02T09:22:00.000Z
88,fatima.petrov@example.com,SKU-1042,2,2026-02-02T09:39:00.000Z
89,mei.kowalski@example.com,SKU-1042,3,2026-02-02T09:56:00.000Z
90,ada.owusu@example.com,SKU-2077,1,2026-02-02T10:13:00.000Z
91,ravi.owusu@example.com,SKU-3310,2,2026-02-02T10:30:00.000Z
92,yuki.silva@example.com,SKU-1001,4,2026-02-02T10:47:00.000Z
93,,SKU-4488,1,2026-02-02T11:04:00.000Z
94,mei.haddad@example.com,SKU-1042,2,2026-02-02T11:21:00.000Z
95,,SKU-1042,4,2026-02-02T11:38:00.000Z
96,ada.petrov@example.com,SKU-1001,3,2026-02-02T11:55:00.000Z
97,,SKU-1042,3,2026-02-02T12:12:00.000Z
98,diego.nakamura@example.com,SKU-3310,2,2026-02-02T12:29:00.000Z
99,mei.owusu@example.com,SKU-1042,3,2026-02-02T12:46:00.000Z
100,mei.silva@example.com,SKU-1001,4,2026-02-02T13:03:00.000Z
101,ada.nakamura@example.com,SKU-3310,1,2026-02-02T13:20:00.000Z
102,noah.owusu@example.com,SKU-3310,3,2026-02-02T13:37:00.000Z
103,mei.owusu@example.com,SKU-4488,3,2026-02-02T13:54:00.000Z
104,ravi.silva@example.com,SKU-2077,1,2026-02-02T14:11:00.000Z
105,ravi.owusu@example.com,SKU-2077,3,2026-02-02T14:28:00.000Z
106,ada.kowalski@example.com,SKU-4488,3,2026-02-02T14:45:00.000Z
107,yuki.petrov@example.com,SKU-4488,2,2026-02-02T15:02:00.000Z
108,fatima.kowalski@example.com,SKU-4488,3,2026-02-02T15:19:00.000Z
109,fatima.silva@example.com,SKU-2077,2,2026-02-02T15:36:00.000Z
110,ada.silva@example.com,SKU-1001,4,2026-02-02T15:53:00.000Z
111,diego.petrov@example.com,SKU-1042,3,2026-02-02T16:10:00.000Z
112,ada.nakamura@example.com,SKU-1042,2,2026-02-02T16:27:00.000Z
113,ada.silva@example.com,SKU-4488,2,2026-02-02T16:44:00.000Z
114,,SKU-1042,4,2026-02-02T17:01:00.000Z
115,diego.silva@example.com,SKU-1001,1,2026-02-02T17:18:00.000Z
116,leila.owusu@example.com,SKU-3310,1,2026-02-02T17:35:00.000Z
117,yuki.nakamura@example.com,SKU-1001,3,2026-02-02T17:52:00.000Z
118,noah.haddad@example.com,SKU-1001,3,2026-02-02T18:09:00.000Z
119,ada.silva@example.com,SKU-1042,3,2026-02-02T18:26:00.000Z
120,yuki.nakamura@example.com,SKU-1001,1,2026-02-02T18:43:00.000Z
121,,SKU-1042,3,2026-02-02T19:00:00.000Z
122,ada.haddad@example.com,SKU-2077,3,2026-02-02T19:17:00.000Z
123,,SKU-1042,2,2026-02-02T19:34:00.000Z
124,diego.silva@example.com,SKU-1001,1,2026-02-02T19:51:00.000Z
125,ada.owusu@example.com,SKU-4488,3,2026-02-02T20:08:00.000Z
126,diego.petrov@example.com,SKU-1001,4,2026-02-02T20:25:00.000Z
127,ada.kowalski@example.com,SKU-1042,1,2026-02-02T20:42:00.000Z
128,diego.haddad@example.com,SKU-3310,4,2026-02-02T20:59:00.000Z
129,diego.silva@example.com,SKU-1001,2,2026-02-02T21:16:00.000Z
130,leila.silva@example.com,SKU-2077,3,2026-02-02T21:33:00.000Z
131,mei.kowalski@example.com,SKU-4488,3,2026-02-02T21:50:00.000Z
132,mei.kowalski@example.com,SKU-4488,4,2026-02-02T22:07:00.000Z
133,,SKU-4488,4,2026-02-02T22:24:00.000Z
134,yuki.petrov@example.com,SKU-1001,3,2026-02-02T22:41:00.000Z
135,ravi.owusu@example.com,SKU-1042,4,2026-02-02T22:58:00.000Z
136,mei.haddad@example.com,SKU-3310,4,2026-02-02T23:15:00.000Z
137,leila.petrov@example.com,SKU-2077,3,2026-02-02T23:32:00.000Z
138,fatima.nakamura@example.com,SKU-1001,1,2026-02-02T23:49:00.000Z
139,fatima.petrov@example.com,SKU-1042,2,2026-02-03T00:06:00.000Z
140,ada.kowalski@example.com,SKU-3310,3,2026-02-03T00:23:00.000Z
141,leila.kowalski@example.com,SKU-1001,1,2026-02-03T00:40:00.000Z
142,diego.haddad@example.com,SKU-4488,2,2026-02-03T00:57:00.000Z
143,leila.haddad@example.com,SKU-4488,1,2026-02-03T01:14:00.000Z
144,leila.owusu@example.com,SKU-4488,2,2026-02-03T01:31:00.000Z
145,fatima.haddad@example.com,SKU-3310,4,2026-02-03T01:48:00.000Z
146,mei.nakamura@example.com,SKU-4488,2,2026-02-03T02:05:00.000Z
147,yuki.owusu@example.com,SKU-1001,4,2026-02-03T02:22:00.000Z
148,mei.nakamura@example.com,SKU-1042,3,2026-02-03T02:39:00.000Z
149,yuki.haddad@example.com,SKU-3310,4,2026-02-03T02:56:00.000Z
150,fatima.nakamura@example.com,SKU-3310,3,2026-02-03T03:13:00.000Z
151,noah.kowalski@example.com,SKU-1042,3,2026-02-03T03:30:00.000Z
152,yuki.silva@example.com,SKU-1042,3,2026-02-03T03:47:00.000Z
153,ravi.petrov@example.com,SKU-2077,2,2026-02-03T04:04:00.000Z
154,diego.haddad@example.com,SKU-2077,2,2026-02-03T04:21:00.000Z
155,ada.owusu@example.com,SKU-2077,2,2026-02-03T04:38:00.000Z
156,diego.owusu@example.com,SKU-4488,4,2026-02-03T04:55:00.000Z
157,ada.kowalski@example.com,SKU-4488,3,2026-02-03T05:12:00.000Z
158,leila.haddad@example.com,SKU-3310,3,2026-02-03T05:29:00.000Z
159,noah.owusu@example.com,SKU-2077,4,2026-02-03T05:46:00.000Z
160,leila.silva@example.com,SKU-4488,1,2026-02-03T06:03:00.000Z
161,diego.owusu@example.com,SKU-3310,2,2026-02-03T06:20:00.000Z
162,yuki.silva@example.com,SKU-4488,3,2026-02-03T06:37:00.000Z
163,mei.nakamura@example.com,SKU-2077,4,2026-02-03T06:54:00.000Z
164,fatima.nakamura@example.com,SKU-1001,2,2026-02-03T07:11:00.000Z
165,ada.kowalski@example.com,SKU-1001,2,2026-02-03T07:28:00.000Z
166,fatima.petrov@example.com,SKU-1001,1,2026-02-03T07:45:00.000Z
167,diego.kowalski@example.com,SKU-1001,4,2026-02-01T22:36:00.000Z
168,fatima.kowalski@example.com,SKU-1001,2,2026-02-01T10:59:00.000Z
169,ada.haddad@example.com,SKU-4488,4,2026-02-02T01:09:00.000Z
170,noah.nakamura@example.com,SKU-2077,3,2026-02-01T18:55:00.000Z
171,fatima.nakamura@example.com,SKU-1001,1,2026-02-02T23:49:00.000Z
172,yuki.owusu@example.com,SKU-1001,4,2026-02-03T02:22:00.000Z
173,noah.silva@example.com,SKU-1001,3,2026-02-02T02:34:00.000Z
174,ravi.nakamura@example.com,SKU-3310,2,2026-02-02T00:01:00.000Z
175,diego.kowalski@example.com,SKU-1001,4,2026-02-01T18:21:00.000Z
176,,SKU-3310,1,2026-02-02T17:35:00.000Z
177,ada.nakamura@example.com,SKU-1042,2,2026-02-02T16:27:00.000Z
178,noah.kowalski@example.com,SKU-3310,1,2026-02-01T22:53:00.000Z
179,ada.silva@example.com,SKU-4488,2,2026-02-02T16:44:00.000Z
180,mei.owusu@example.com,SKU-1001,4,2026-02-02T02:51:00.000Z
