reading_id,station,captured_at,temp_c,humidity,operator
1,ST-19,2026-01-01T00:00:00.000Z,12.7,49,A.SINGH
2,ST-02,2026-01-01T01:00:00.000Z,33.9,72,P.NUNES
3,ST-02,2026-01-01T02:00:00.000Z,9.4,36,R.CHEN
4,ST-04,2026-01-01T03:00:00.000Z,-2.2,41,M.DIALLO
5,ST-07,2026-01-01T04:00:00.000Z,24.8,27,P.NUNES
6,ST-15,2026-01-01T05:00:00.000Z,-0.3,22,J.OKAFOR
7,ST-15,2026-01-01T06:00:00.000Z,28.8,46,A.SINGH
8,ST-11,2026-01-01T07:00:00.000Z,27.7,70,R.CHEN
9,ST-07,2026-01-01T08:00:00.000Z,25.2,38,R.CHEN
10,ST-19,2026-01-01T09:00:00.000Z,,91,A.SINGH
11,ST-04,2026-01-01T10:00:00.000Z,19.4,75,A.SINGH
12,ST-07,2026-01-01T11:00:00.000Z,34.9,36,P.NUNES
13,ST-19,2026-01-01T12:00:00.000Z,4.7,62,J.OKAFOR
14,ST-04,2026-01-01T13:00:00.000Z,16.6,20,R.CHEN
15,ST-15,2026-01-01T14:00:00.000Z,19.0,26,M.DIALLO
16,ST-04,2026-01-01T15:00:00.000Z,21.8,25,M.DIALLO
17,ST-02,2026-01-01T16:00:00.000Z,11.6,76,P.NUNES
18,ST-19,2026-01-01T17:00:00.000Z,,30,P.NUNES
19,ST-04,2026-01-01T18:00:00.000Z,32.2,83,R.CHEN
20,ST-02,2026-01-01T19:00:00.000Z,28.1,73,J.OKAFOR
21,ST-15,2026-01-01T20:00:00.000Z,33.4,65,J.OKAFOR
22,ST-07,2026-01-01T21:00:00.000Z,19.9,42,M.DIALLO
23,ST-02,2026-01-01T22:00:00.000Z,30.0,48,J.OKAFOR
24,ST-04,2026-01-01T23:00:00.000Z,1.1,43,P.NUNES
25,ST-15,2026-01-02T00:00:00.000Z,-2.8,53,J.OKAFOR
26,ST-02,2026-01-02T01:00:00.000Z,1.1,41,R.CHEN
27,ST-19,2026-01-02T02:00:00.000Z,11.8,79,M.DIALLO
28,ST-02,2026-01-02T03:00:00.000Z,1.3,63,A.SINGH
29,ST-04,2026-01-02T04:00:00.000Z,11.3,45,J.OKAFOR
30,ST-07,2026-01-02T05:00:00.000Z,34.1,39,M.DIALLO
31,ST-11,2026-01-02T06:00:00.000Z,6.9,63,P.NUNES
32,ST-04,2026-01-02T07:00:00.000Z,21.8,90,P.NUNES
33,ST-11,2026-01-02T08:00:00.000Z,15.4,84,P.NUNES
34,ST-04,2026-01-02T09:00:00.000Z,24.0,46,J.OKAFOR
35,ST-07,2026-01-02T10:00:00.000Z,0.8,61,J.OKAFOR
36,ST-07,2026-01-02T11:00:00.000Z,1.9,90,M.DIALLO
37,ST-07,2026-01-02T12:00:00.000Z,7.3,61,J.OKAFOR
38,ST-11,2026-01-02T13:00:00.000Z,-2.2,95,A.SINGH
39,ST-02,2026-01-02T14:00:00.000Z,3.8,55,R.CHEN
40,ST-11,2026-01-02T15:00:00.000Z,3.9,76,A.SINGH
41,ST-02,2026-01-02T16:00:00.000Z,8.7,81,A.SINGH
42,ST-15,2026-01-02T17:00:00.000Z,6.2,79,J.OKAFOR
43,ST-19,2026-01-02T18:00:00.000Z,,29,P.NUNES
44,ST-02,2026-01-02T19:00:00.000Z,,56,A.SINGH
45,ST-11,2026-01-02T20:00:00.000Z,,41,M.DIALLO
46,ST-15,2026-01-02T21:00:00.000Z,,47,J.OKAFOR
47,ST-04,2026-01-02T22:00:00.000Z,,64,R.CHEN
48,ST-07,2026-01-02T23:00:00.000Z,,48,P.NUNES
49,ST-15,2026-01-03T00:00:00.000Z,11.7,69,A.SINGH
50,ST-02,2026-01-03T01:00:00.000Z,2.2,49,A.SINGH
51,ST-11,2026-01-03T02:00:00.000Z,,58,J.OKAFOR
52,ST-04,2026-01-03T03:00:00.000Z,26.4,73,M.DIALLO
53,ST-11,2026-01-03T04:00:00.000Z,16.8,69,R.CHEN
54,ST-11,2026-01-03T05:00:00.000Z,,70,R.CHEN
55,ST-04,2026-01-03T06:00:00.000Z,8.6,68,R.CHEN
56,ST-19,2026-01-03T07:00:00.000Z,,26,M.DIALLO
57,ST-19,2026-01-03T08:00:00.000Z,11.1,92,P.NUNES
58,ST-02,2026-01-03T09:00:00.000Z,24.2,35,R.CHEN
59,ST-19,2026-01-03T10:00:00.000Z,21.7,86,M.DIALLO
60,ST-07,2026-01-03T11:00:00.000Z,4.6,43,A.SINGH
61,ST-02,2026-01-03T12:00:00.000Z,4.8,46,R.CHEN
62,ST-19,2026-01-03T13:00:00.000Z,28.1,95,R.CHEN
63,ST-04,2026-01-03T14:00:00.000Z,8.3,32,P.NUNES
64,ST-19,2026-01-03T15:00:00.000Z,23.4,67,A.SINGH
65,ST-19,2026-01-03T16:00:00.000Z,19.0,21,M.DIALLO
66,ST-19,2026-01-03T17:00:00.000Z,7.5,95,J.OKAFOR
67,ST-02,2026-01-03T18:00:00.000Z,29.4,22,M.DIALLO
68,ST-15,2026-01-03T19:00:00.000Z,2.2,54,J.OKAFOR
69,ST-07,2026-01-03T20:00:00.000Z,3.1,37,M.DIALLO
70,ST-15,2026-01-03T21:00:00.000Z,30.4,21,R.CHEN
71,ST-02,2026-01-03T22:00:00.000Z,3.3,93,M.DIALLO
72,ST-19,2026-01-03T23:00:00.000Z,24.2,82,P.NUNES
73,ST-07,2026-01-04T00:00:00.000Z,1.3,49,A.SINGH
74,ST-19,2026-01-04T01:00:00.000Z,20.6,66,P.NUNES
75,ST-02,2026-01-04T02:00:00.000Z,17.5,94,M.DIALLO
76,ST-04,2026-01-04T03:00:00.000Z,-2.6,29,R.CHEN
77,ST-07,2026-01-04T04:00:00.000Z,-2.1,55,R.CHEN
78,ST-04,2026-01-04T05:00:00.000Z,,86,A.SINGH
79,ST-07,2026-01-04T06:00:00.000Z,-3.7,41,M.DIALLO
80,ST-02,2026-01-04T07:00:00.000Z,22.1,55,R.CHEN
81,ST-02,2026-01-04T08:00:00.000Z,-1.6,75,A.SINGH
82,ST-04,2026-01-04T09:00:00.000Z,11.0,57,M.DIALLO
83,ST-15,2026-01-04T10:00:00.000Z,27.0,65,R.CHEN
84,ST-04,2026-01-04T11:00:00.000Z,14.0,22,A.SINGH
85,ST-11,2026-01-04T12:00:00.000Z,1.9,54,J.OKAFOR
86,ST-02,2026-01-04T13:00:00.000Z,17.5,54,P.NUNES
87,ST-11,2026-01-04T14:00:00.000Z,12.3,64,J.OKAFOR
88,ST-19,2026-01-04T15:00:00.000Z,22.3,73,J.OKAFOR
89,ST-19,2026-01-04T16:00:00.000Z,27.4,69,M.DIALLO
90,ST-15,2026-01-04T17:00:00.000Z,13.0,68,P.NUNES
91,ST-02,2026-01-04T18:00:00.000Z,28.3,66,M.DIALLO
92,ST-15,2026-01-04T19:00:00.000Z,26.3,75,P.NUNES
93,ST-04,2026-01-04T20:00:00.000Z,1.1,93,P.NUNES
94,ST-07,2026-01-04T21:00:00.000Z,-0.6,52,M.DIALLO
95,ST-15,2026-01-04T22:00:00.000Z,16.1,73,R.CHEN
96,ST-04,2026-01-04T23:00:00.000Z,10.3,67,M.DIALLO
97,ST-11,2026-01-05T00:00:00.000Z,13.6,53,R.CHEN
98,ST-19,2026-01-05T01:00:00.000Z,18.1,83,A.SINGH
99,ST-19,2026-01-05T02:00:00.000Z,8.1,23,J.OKAFOR
100,ST-19,2026-01-05T03:00:00.000Z,5.7,84,J.OKAFOR
101,ST-07,2026-01-05T04:00:00.000Z,3.9,34,J.OKAFOR
102,ST-04,2026-01-05T05:00:00.000Z,16.1,42,A.SINGH
103,ST-19,2026-01-05T06:00:00.000Z,4.7,39,R.CHEN
104,ST-11,2026-01-05T07:00:00.000Z,25.7,39,M.DIALLO
105,ST-02,2026-01-05T08:00:00.000Z,2.2,49,R.CHEN
106,ST-04,2026-01-05T09:00:00.000Z,32.0,32,J.OKAFOR
107,ST-11,2026-01-05T10:00:00.000Z,,26,A.SINGH
108,ST-02,2026-01-05T11:00:00.000Z,13.2,44,P.NUNES
109,ST-11,2026-01-05T12:00:00.000Z,,64,M.DIALLO
110,ST-02,2026-01-05T13:00:00.000Z,15.4,26,A.SINGH
111,ST-04,2026-01-05T14:00:00.000Z,4.5,63,M.DIALLO
112,ST-07,2026-01-05T15:00:00.000Z,5.4,31,M.DIALLO
113,ST-15,2026-01-05T16:00:00.000Z,16.5,56,R.CHEN
114,ST-15,2026-01-05T17:00:00.000Z,18.3,61,M.DIALLO
115,ST-15,2026-01-05T18:00:00.000Z,-1.2,71,A.SINGH
116,ST-19,2026-01-05T19:00:00.000Z,25.3,23,R.CHEN
117,ST-02,2026-01-05T20:00:00.000Z,23.4,84,A.SINGH
118,ST-04,2026-01-05T21:00:00.000Z,0.1,41,P.NUNES
119,ST-19,2026-01-05T22:00:00.000Z,2.3,84,M.DIALLO
120,ST-04,2026-01-05T23:00:00.000Z,16.5,89,R.CHEN
121,ST-07,2026-01-06T00:00:00.000Z,6.5,52,A.SINGH
122,ST-04,2026-01-06T01:00:00.000Z,13.0,84,R.CHEN
123,ST-19,2026-01-06T02:00:00.000Z,19.1,31,J.OKAFOR
124,ST-04,2026-01-06T03:00:00.000Z,-0.2,20,A.SINGH
125,ST-02,2026-01-06T04:00:00.000Z,,39,P.NUNES
126,ST-02,2026-01-06T05:00:00.000Z,15.3,66,P.NUNES
127,ST-04,2026-01-06T06:00:00.000Z,,92,M.DIALLO
128,ST-07,2026-01-06T07:00:00.000Z,32.5,63,P.NUNES
129,ST-19,2026-01-06T08:00:00.000Z,,47,P.NUNES
130,ST-04,2026-01-06T09:00:00.000Z,34.8,79,R.CHEN
131,ST-02,2026-01-06T10:00:00.000Z,,45,J.OKAFOR
132,ST-02,2026-01-06T11:00:00.000Z,26.8,58,J.OKAFOR
133,ST-15,2026-01-06T12:00:00.000Z,,41,P.NUNES
134,ST-15,2026-01-06T13:00:00.000Z,,88,P.NUNES
135,ST-15,2026-01-06T14:00:00.000Z,32.8,26,P.NUNES
136,ST-19,2026-01-06T15:00:00.000Z,19.7,76,R.CHEN
137,ST-02,2026-01-06T16:00:00.000Z,17.1,26,A.SINGH
138,ST-19,2026-01-06T17:00:00.000Z,30.7,57,R.CHEN
139,ST-04,2026-01-06T18:00:00.000Z,3.9,25,P.NUNES
140,ST-15,2026-01-06T19:00:00.000Z,26.1,54,R.CHEN
141,ST-15,2026-01-06T20:00:00.000Z,4.5,79,R.CHEN
142,ST-19,2026-01-06T21:00:00.000Z,20.6,28,P.NUNES
143,ST-04,2026-01-06T22:00:00.000Z,24.0,56,A.SINGH
144,ST-15,2026-01-06T23:00:00.000Z,27.5,46,J.OKAFOR
145,ST-02,2026-01-07T00:00:00.000Z,-4.0,83,A.SINGH
146,ST-02,2026-01-07T01:00:00.000Z,26.8,21,R.CHEN
147,ST-02,2026-01-07T02:00:00.000Z,4.5,84,A.SINGH
148,ST-02,2026-01-07T03:00:00.000Z,16.8,64,A.SINGH
149,ST-02,2026-01-07T04:00:00.000Z,26.7,26,R.CHEN
150,ST-02,2026-01-07T05:00:00.000Z,9.1,55,P.NUNES
151,ST-02,2026-01-07T06:00:00.000Z,,34,M.DIALLO
152,ST-04,2026-01-07T07:00:00.000Z,14.9,40,R.CHEN
153,ST-02,2026-01-07T08:00:00.000Z,0.0,38,A.SINGH
154,ST-15,2026-01-07T09:00:00.000Z,8.9,38,M.DIALLO
155,ST-15,2026-01-07T10:00:00.000Z,6.5,39,R.CHEN
156,ST-11,2026-01-07T11:00:00.000Z,-2.2,34,A.SINGH
157,ST-11,2026-01-07T12:00:00.000Z,9.0,27,J.OKAFOR
158,ST-07,2026-01-07T13:00:00.000Z,21.0,29,P.NUNES
159,ST-15,2026-01-07T14:00:00.000Z,31.0,92,J.OKAFOR
160,ST-11,2026-01-07T15:00:00.000Z,33.0,61,J.OKAFOR
161,ST-02,2026-01-07T16:00:00.000Z,32.4,86,P.NUNES
162,ST-02,2026-01-07T17:00:00.000Z,6.0,87,R.CHEN
163,ST-07,2026-01-07T18:00:00.000Z,24.4,79,J.OKAFOR
164,ST-19,2026-01-07T19:00:00.000Z,6.1,90,M.DIALLO
165,ST-11,2026-01-07T20:00:00.000Z,,44,R.CHEN
166,ST-11,2026-01-07T21:00:00.000Z,21.9,53,M.DIALLO
167,ST-15,2026-01-07T22:00:00.000Z,29.8,50,J.OKAFOR
168,ST-02,2026-01-07T23:00:00.000Z,34.2,77,J.OKAFOR
169,ST-19,2026-01-08T00:00:00.000Z,16.6,87,M.DIALLO
170,ST-19,2026-01-08T01:00:00.000Z,26.9,21,A.SINGH
171,ST-07,2026-01-08T02:00:00.000Z,21.8,56,M.DIALLO
172,ST-04,2026-01-08T03:00:00.000Z,10.9,42,J.OKAFOR
173,ST-02,2026-01-08T04:00:00.000Z,21.7,77,J.OKAFOR
174,ST-02,2026-01-08T05:00:00.000Z,30.4,56,M.DIALLO
175,ST-02,2026-01-08T06:00:00.000Z,30.6,85,R.CHEN
176,ST-11,2026-01-08T07:00:00.000Z,12.9,27,A.SINGH
177,ST-07,2026-01-08T08:00:00.000Z,3.7,65,P.NUNES
178,ST-11,2026-01-08T09:00:00.000Z,20.9,69,A.SINGH
179,ST-11,2026-01-08T10:00:00.000Z,27.6,68,M.DIALLO
180,ST-04,2026-01-08T11:00:00.000Z,26.5,61,J.OKAFOR
181,ST-11,2026-01-08T12:00:00.000Z,34.7,88,A.SINGH
182,ST-07,2026-01-08T13:00:00.000Z,16.6,73,J.OKAFOR
183,ST-07,2026-01-08T14:00:00.000Z,11.4,31,M.DIALLO
184,ST-19,2026-01-08T15:00:00.000Z,5.1,46,M.DIALLO
185,ST-02,2026-01-08T16:00:00.000Z,5.3,51,J.OKAFOR
186,ST-15,2026-01-08T17:00:00.000Z,34.3,84,M.DIALLO
187,ST-15,2026-01-08T18:00:00.000Z,11.0,69,R.CHEN
188,ST-02,2026-01-08T19:00:00.000Z,33.7,58,A.SINGH
189,ST-15,2026-01-08T20:00:00.000Z,5.3,22,M.DIALLO
190,ST-04,2026-01-08T21:00:00.000Z,14.5,58,R.CHEN
191,ST-19,2026-01-08T22:00:00.000Z,18.9,81,A.SINGH
192,ST-19,2026-01-08T23:00:00.000Z,-1.2,63,J.OKAFOR
193,ST-19,2026-01-09T00:00:00.000Z,21.5,27,A.SINGH
194,ST-04,2026-01-09T01:00:00.000Z,-1.7,69,R.CHEN
195,ST-07,2026-01-09T02:00:00.000Z,22.0,24,M.DIALLO
196,ST-04,2026-01-09T03:00:00.000Z,18.0,57,A.SINGH
197,ST-19,2026-01-09T04:00:00.000Z,8.0,73,A.SINGH
198,ST-02,2026-01-09T05:00:00.000Z,-0.6,50,J.OKAFOR
199,ST-15,2026-01-09T06:00:00.000Z,14.0,21,M.DIALLO
200,ST-15,2026-01-09T07:00:00.000Z,17.5,92,R.CHEN
201,ST-02,2026-01-09T08:00:00.000Z,,36,M.DIALLO
202,ST-02,2026-01-09T09:00:00.000Z,4.4,35,R.CHEN
203,ST-04,2026-01-09T10:00:00.000Z,11.5,20,A.SINGH
204,ST-02,2026-01-09T11:00:00.000Z,-0.1,91,J.OKAFOR
205,ST-04,2026-01-09T12:00:00.000Z,12.7,70,A.SINGH
206,ST-04,2026-01-09T13:00:00.000Z,20.8,95,M.DIALLO
207,ST-15,2026-01-09T14:00:00.000Z,7.1,30,P.NUNES
208,ST-11,2026-01-09T15:00:00.000Z,23.7,49,J.OKAFOR
209,ST-19,2026-01-09T16:00:00.000Z,-3.9,69,M.DIALLO
210,ST-04,2026-01-09T17:00:00.000Z,16.6,54,P.NUNES
211,ST-19,2026-01-09T18:00:00.000Z,23.9,44,A.SINGH
212,ST-19,2026-01-09T19:00:00.000Z,26.5,70,A.SINGH
213,ST-15,2026-01-09T20:00:00.000Z,6.1,82,P.NUNES
214,ST-07,2026-01-09T21:00:00.000Z,3.8,94,J.OKAFOR
215,ST-02,2026-01-09T22:00:00.000Z,-1.4,54,R.CHEN
216,ST-02,2026-01-09T23:00:00.000Z,31.3,41,R.CHEN
217,ST-07,2026-01-10T00:00:00.000Z,10.0,72,A.SINGH
218,ST-07,2026-01-10T01:00:00.000Z,19.5,46,J.OKAFOR
219,ST-04,2026-01-10T02:00:00.000Z,30.0,89,R.CHEN
220,ST-11,2026-01-10T03:00:00.000Z,14.6,74,M.DIALLO
221,ST-19,2026-01-10T04:00:00.000Z,20.8,84,R.CHEN
222,ST-04,2026-01-10T05:00:00.000Z,23.8,48,M.DIALLO
223,ST-07,2026-01-10T06:00:00.000Z,27.3,31,M.DIALLO
224,ST-04,2026-01-10T07:00:00.000Z,4.9,62,R.CHEN
225,ST-15,2026-01-10T08:00:00.000Z,17.7,55,J.OKAFOR
226,ST-07,2026-01-10T09:00:00.000Z,32.6,62,M.DIALLO
227,ST-02,2026-01-10T10:00:00.000Z,17.3,88,A.SINGH
228,ST-15,2026-01-10T11:00:00.000Z,22.8,51,J.OKAFOR
229,ST-02,2026-01-10T12:00:00.000Z,22.9,75,P.NUNES
230,ST-07,2026-01-10T13:00:00.000Z,18.4,53,A.SINGH
231,ST-04,2026-01-10T14:00:00.000Z,-4.9,23,A.SINGH
232,ST-19,2026-01-10T15:00:00.000Z,11.7,68,J.OKAFOR
233,ST-15,2026-01-10T16:00:00.000Z,26.9,47,J.OKAFOR
234,ST-11,2026-01-10T17:00:00.000Z,34.0,50,A.SINGH
235,ST-02,2026-01-10T18:00:00.000Z,20.7,64,J.OKAFOR
236,ST-11,2026-01-10T19:00:00.000Z,18.3,20,P.NUNES
237,ST-11,2026-01-10T20:00:00.000Z,31.4,47,P.NUNES
238,ST-07,2026-01-10T21:00:00.000Z,29.0,87,M.DIALLO
239,ST-15,2026-01-10T22:00:00.000Z,34.1,57,R.CHEN
240,ST-19,2026-01-10T23:00:00.000Z,22.5,78,J.OKAFOR
