customer_id,customer_name,segment
K001,Liam Singh,Retail
K002,Chen Novak,Business
K003,Ines Reyes,Business
K004,Elena Costa,Business
K005,Jonas Rossi,Education
K006,Hana Weber,Retail
K007,Ivan Berg,Education
K008,Aisha Okafor,Business
K009,Liam Mensah,Retail
K010,Chen Park,Retail
K011,Ines Haddad,Retail
K012,Elena Lund,Retail
K013,Jonas Ito,Retail
K014,Hana Khan,Education
K015,Ivan Nunes,Retail
K016,Aisha Silva,Retail
K017,Liam Singh,Retail
K018,Chen Novak,Business
K019,Ines Reyes,Education
K020,Elena Costa,Retail
K021,Jonas Rossi,Retail
K022,Hana Weber,Retail
K023,Ivan Berg,Business
K024,Aisha Okafor,Retail
K025,Liam Mensah,Retail
K026,Chen Park,Retail
