customer_id,customer_name,city
C001,Ava Singh,Lyon
C002,Liam Costa,Lagos
C003,Noor Berg,Osaka
C004,Mateo Park,Lyon
C005,Chen Ito,Porto
C006,Sofia Silva,Lagos
C007,Omar Reyes,Quito
C008,Ines Weber,Porto
C009,Kofi Mensah,Lagos
C010,Yuki Lund,Porto
C011,Elena Nunes,Porto
C012,Ravi Novak,Lyon
C013,Maya Rossi,Leeds
C014,Jonas Okafor,Lyon
C015,Lucia Haddad,Porto
C016,Tariq Khan,Leeds
C017,Hana Singh,Lyon
C018,Pablo Costa,Porto
C019,Zara Berg,Lagos
C020,Ivan Park,Austin
C021,Nina Ito,Osaka
C022,Leo Silva,Lagos
