day,revenue
2026-04-22,1294
2026-04-28,1168
2026-04-12,635
2026-04-14,1283
2026-04-17,1156
2026-03-17,1258
2026-04-13,1109
2026-03-05,1071
2026-03-30,1269
2026-04-27,1263
2026-04-06,1286
2026-03-27,1157
2026-03-13,1097
2026-03-23,1167
2026-03-03,1107
2026-04-15,1185
2026-03-18,1140
2026-04-05,686
2026-03-06,1286
2026-04-26,671
2026-04-20,1186
2026-04-25,745
2026-03-08,839
2026-04-04,760
2026-03-31,1233
2026-03-09,1293
2026-04-19,701
2026-03-07,900
2026-04-08,1134
2026-04-11,705
2026-04-21,1122
2026-03-22,644
2026-03-16,1319
2026-03-15,872
2026-03-21,800
2026-04-03,1122
2026-04-24,1103
2026-03-10,1041
2026-04-16,1192
2026-03-25,1227
2026-04-10,1118
2026-03-20,1102
2026-03-04,1284
2026-03-24,1308
2026-03-14,824
2026-03-26,1290
2026-03-11,1220
2026-04-09,1158
2026-03-02,1157
2026-04-01,2890
2026-03-01,751
2026-04-02,1320
2026-03-29,816
2026-03-19,1246
2026-04-23,1249
2026-04-29,1044
2026-04-07,1143
2026-03-12,1081
2026-03-28,809
2026-04-18,627
