product_id,category,product,units_sold
15,Garden,Trowel,187
4,Audio,Turntable,369
1,Audio,Earbuds,376
11,Kitchen,Grinder,565
23,Office,Shredder,460
3,Audio,Speaker,117
18,Garden,Shears,523
20,Garden,Gloves,250
10,Kitchen,Toaster,383
28,Travel,Tag Set,89
19,Garden,Rake,635
9,Kitchen,Blender,614
5,Audio,Mic,411
30,Travel,Pillow,208
16,Garden,Sprinkler,509
14,Garden,Hose,264
32,Travel,Lock,558
29,Travel,Adapter,320
21,Office,Stapler,334
26,Office,Lamp,348
22,Office,Planner,523
27,Travel,Backpack,194
13,Kitchen,Air Fryer,89
31,Travel,Pouch,502
8,Kitchen,Kettle,320
7,Audio,Mixer,124
25,Office,Tray,306
33,Travel,Bottle,82
2,Audio,Soundbar,586
6,Audio,Amp,502
17,Garden,Planter,418
24,Office,Whiteboard,362
12,Kitchen,Scale,537
