user_id,device,step,ts
v009,desktop,view,2026-05-10 21:03:00
v077,mobile,purchase,2026-05-03 17:40:00
v091,tablet,view,2026-05-07 20:09:00
v101,mobile,cart,2026-05-13 21:18:00
v168,desktop,purchase,2026-05-16 17:59:00
v145,desktop,purchase,2026-05-13 18:12:00
v063,mobile,purchase,2026-05-05 11:31:00
v203,tablet,cart,2026-05-11 15:13:00
v191,tablet,cart,2026-05-10 16:38:00
v158,tablet,purchase,2026-05-17 13:28:00
v112,tablet,purchase,2026-05-03 18:37:00
v187,desktop,purchase,2026-05-07 16:34:00
v043,mobile,purchase,2026-05-20 22:01:00
v081,desktop,cart,2026-05-20 11:32:00
v046,tablet,cart,2026-05-14 18:16:00
v162,desktop,view,2026-05-08 15:41:00
v012,mobile,purchase,2026-05-10 14:46:00
v214,desktop,cart,2026-05-19 15:57:00
v155,mobile,cart,2026-05-09 16:04:00
v139,mobile,cart,2026-05-09 16:42:00
v126,tablet,view,2026-05-04 19:15:00
v143,tablet,view,2026-05-06 17:48:00
v022,desktop,view,2026-05-14 19:05:00
v123,desktop,view,2026-05-12 15:38:00
v142,tablet,view,2026-05-02 10:09:00
v212,tablet,cart,2026-05-05 18:03:00
v034,desktop,view,2026-05-16 11:58:00
v052,desktop,purchase,2026-05-15 16:07:00
v180,tablet,cart,2026-05-06 14:29:00
v236,tablet,view,2026-05-20 09:21:00
v139,mobile,purchase,2026-05-09 18:20:00
v215,mobile,purchase,2026-05-12 18:53:00
v137,tablet,cart,2026-05-10 10:13:00
v144,mobile,purchase,2026-05-11 11:19:00
v167,desktop,view,2026-05-05 17:28:00
v157,mobile,purchase,2026-05-20 16:47:00
v138,desktop,view,2026-05-14 22:23:00
v015,desktop,cart,2026-05-15 11:56:00
v234,desktop,view,2026-05-02 11:19:00
v193,desktop,view,2026-05-18 09:48:00
v222,desktop,cart,2026-05-05 12:25:00
v030,mobile,view,2026-05-09 16:37:00
v126,tablet,view,2026-05-04 20:35:00
v056,desktop,purchase,2026-05-12 23:39:00
v099,tablet,cart,2026-05-17 11:38:00
v001,tablet,purchase,2026-05-13 21:08:00
v010,tablet,cart,2026-05-10 08:10:00
v224,desktop,purchase,2026-05-05 11:45:00
v232,tablet,cart,2026-05-20 11:15:00
v079,desktop,view,2026-05-14 18:11:00
v090,mobile,purchase,2026-05-18 17:43:00
v117,desktop,view,2026-05-05 19:31:00
v080,mobile,cart,2026-05-20 17:09:00
v150,mobile,purchase,2026-05-07 16:59:00
v026,tablet,view,2026-05-12 21:10:00
v136,desktop,cart,2026-05-07 20:37:00
v185,tablet,view,2026-05-12 16:26:00
v193,desktop,view,2026-05-18 09:54:00
v013,mobile,cart,2026-05-05 13:52:00
v102,mobile,view,2026-05-01 14:12:00
v171,mobile,cart,2026-05-06 11:48:00
v183,desktop,cart,2026-05-20 13:14:00
v157,mobile,purchase,2026-05-20 15:45:00
v203,tablet,view,2026-05-11 14:03:00
v041,desktop,view,2026-05-03 21:04:00
v138,desktop,cart,2026-05-14 21:30:00
v117,desktop,cart,2026-05-05 20:35:00
v220,mobile,view,2026-05-04 15:59:00
v141,mobile,view,2026-05-03 09:10:00
v118,tablet,view,2026-05-19 17:55:00
v094,desktop,cart,2026-05-04 17:19:00
v113,tablet,cart,2026-05-11 11:56:00
v068,tablet,view,2026-05-06 18:16:00
v097,tablet,view,2026-05-03 09:05:00
v091,tablet,view,2026-05-07 18:40:00
v148,desktop,cart,2026-05-08 15:43:00
v231,desktop,view,2026-05-10 20:57:00
v136,desktop,view,2026-05-07 20:04:00
v085,desktop,cart,2026-05-08 22:17:00
v202,desktop,cart,2026-05-17 12:09:00
v086,tablet,cart,2026-05-15 11:31:00
v059,mobile,purchase,2026-05-10 17:28:00
v175,mobile,view,2026-05-02 12:22:00
v036,tablet,cart,2026-05-17 12:50:00
v001,tablet,view,2026-05-13 18:54:00
v216,tablet,view,2026-05-15 12:58:00
v064,tablet,view,2026-05-12 12:35:00
v079,desktop,cart,2026-05-14 19:15:00
v114,desktop,view,2026-05-07 16:43:00
v076,desktop,view,2026-05-13 18:18:00
v239,desktop,cart,2026-05-16 10:59:00
v182,mobile,view,2026-05-03 14:34:00
v014,desktop,view,2026-05-20 18:54:00
v218,desktop,view,2026-05-15 18:58:00
v191,tablet,view,2026-05-10 15:13:00
v238,mobile,purchase,2026-05-07 17:42:00
v135,tablet,purchase,2026-05-13 17:51:00
v214,desktop,view,2026-05-19 15:05:00
v060,mobile,view,2026-05-11 17:29:00
v103,mobile,cart,2026-05-18 11:30:00
v042,tablet,view,2026-05-16 14:46:00
v187,desktop,view,2026-05-07 16:23:00
v006,tablet,view,2026-05-18 20:13:00
v220,mobile,view,2026-05-04 17:37:00
v109,mobile,cart,2026-05-09 13:16:00
v004,tablet,cart,2026-05-11 20:47:00
v202,desktop,view,2026-05-17 13:25:00
v192,mobile,cart,2026-05-15 21:11:00
v210,mobile,view,2026-05-16 14:41:00
v013,mobile,view,2026-05-05 13:42:00
v055,tablet,cart,2026-05-11 12:07:00
v235,desktop,view,2026-05-06 13:53:00
v083,tablet,cart,2026-05-15 18:01:00
v029,tablet,cart,2026-05-17 13:41:00
v051,mobile,view,2026-05-17 10:53:00
v051,mobile,cart,2026-05-17 12:46:00
v113,tablet,view,2026-05-11 08:46:00
v228,tablet,cart,2026-05-07 10:40:00
v023,desktop,view,2026-05-13 11:09:00
v005,mobile,view,2026-05-02 10:45:00
v113,tablet,cart,2026-05-11 10:14:00
v084,desktop,view,2026-05-06 13:58:00
v163,desktop,cart,2026-05-09 17:24:00
v159,mobile,view,2026-05-12 19:10:00
v048,desktop,view,2026-05-18 20:01:00
v206,tablet,purchase,2026-05-10 14:50:00
v121,desktop,purchase,2026-05-10 16:52:00
v144,mobile,purchase,2026-05-11 11:41:00
v224,desktop,cart,2026-05-05 11:36:00
v153,tablet,view,2026-05-03 14:36:00
v179,mobile,purchase,2026-05-06 20:54:00
v225,mobile,purchase,2026-05-09 08:57:00
v162,desktop,cart,2026-05-08 15:54:00
v157,mobile,view,2026-05-20 14:35:00
v177,tablet,view,2026-05-14 18:38:00
v046,tablet,view,2026-05-14 18:22:00
v155,mobile,view,2026-05-09 15:40:00
v041,desktop,view,2026-05-03 20:17:00
v170,desktop,view,2026-05-10 10:21:00
v231,desktop,purchase,2026-05-10 22:40:00
v022,desktop,purchase,2026-05-14 20:30:00
v039,mobile,view,2026-05-01 12:22:00
v164,tablet,view,2026-05-06 15:17:00
v035,mobile,view,2026-05-02 15:12:00
v197,desktop,view,2026-05-10 20:53:00
v090,mobile,view,2026-05-18 15:16:00
v003,tablet,view,2026-05-01 09:14:00
v101,mobile,view,2026-05-13 22:35:00
v090,mobile,cart,2026-05-18 15:37:00
v232,tablet,cart,2026-05-20 12:43:00
v135,tablet,cart,2026-05-13 16:14:00
v139,mobile,view,2026-05-09 15:21:00
v178,tablet,view,2026-05-19 16:19:00
v039,mobile,cart,2026-05-01 13:34:00
v205,tablet,cart,2026-05-17 21:52:00
v011,mobile,view,2026-05-14 19:56:00
v012,mobile,cart,2026-05-10 14:35:00
v001,tablet,cart,2026-05-13 20:03:00
v058,desktop,cart,2026-05-11 13:00:00
v096,mobile,view,2026-05-18 16:11:00
v182,mobile,cart,2026-05-03 13:20:00
v138,desktop,purchase,2026-05-14 22:54:00
v209,mobile,purchase,2026-05-17 18:16:00
v069,tablet,view,2026-05-05 20:14:00
v192,mobile,purchase,2026-05-15 21:59:00
v232,tablet,view,2026-05-20 09:12:00
v102,mobile,purchase,2026-05-01 16:21:00
v101,mobile,purchase,2026-05-13 23:21:00
v198,tablet,view,2026-05-14 12:16:00
v007,desktop,view,2026-05-07 08:09:00
v095,desktop,view,2026-05-02 15:25:00
v106,tablet,view,2026-05-20 10:52:00
v219,tablet,cart,2026-05-05 13:16:00
v131,mobile,view,2026-05-05 16:39:00
v018,mobile,view,2026-05-13 13:24:00
v184,tablet,view,2026-05-18 21:07:00
v141,mobile,view,2026-05-03 09:48:00
v240,desktop,cart,2026-05-10 13:50:00
v218,desktop,view,2026-05-15 21:10:00
v043,mobile,view,2026-05-20 20:34:00
v141,mobile,purchase,2026-05-03 09:51:00
v097,tablet,purchase,2026-05-03 09:43:00
v041,desktop,view,2026-05-03 20:41:00
v233,desktop,cart,2026-05-09 20:53:00
v065,tablet,cart,2026-05-20 15:24:00
v055,tablet,cart,2026-05-11 11:16:00
v126,tablet,view,2026-05-04 21:29:00
v238,mobile,cart,2026-05-07 17:35:00
v172,mobile,view,2026-05-19 13:42:00
v167,desktop,view,2026-05-05 17:14:00
v231,desktop,cart,2026-05-10 21:41:00
v164,tablet,view,2026-05-06 16:07:00
v027,tablet,purchase,2026-05-09 18:32:00
v191,tablet,cart,2026-05-10 18:44:00
v142,tablet,cart,2026-05-02 10:30:00
v161,mobile,cart,2026-05-01 20:44:00
v146,mobile,purchase,2026-05-19 17:41:00
v103,mobile,view,2026-05-18 08:52:00
v223,mobile,cart,2026-05-20 17:53:00
v240,desktop,view,2026-05-10 12:34:00
v028,desktop,cart,2026-05-12 11:32:00
v071,desktop,view,2026-05-04 09:22:00
v202,desktop,purchase,2026-05-17 13:54:00
v211,desktop,view,2026-05-13 17:23:00
v175,mobile,cart,2026-05-02 11:16:00
v032,mobile,view,2026-05-01 10:50:00
v099,tablet,view,2026-05-17 12:25:00
v008,desktop,view,2026-05-19 19:07:00
v146,mobile,cart,2026-05-19 16:57:00
v072,mobile,cart,2026-05-12 12:13:00
v160,mobile,view,2026-05-14 11:27:00
v065,tablet,purchase,2026-05-20 16:01:00
v210,mobile,view,2026-05-16 13:32:00
v105,desktop,view,2026-05-09 08:30:00
v220,mobile,purchase,2026-05-04 19:05:00
v114,desktop,view,2026-05-07 15:24:00
v074,desktop,view,2026-05-06 20:54:00
v205,tablet,cart,2026-05-17 22:25:00
v207,tablet,view,2026-05-04 16:19:00
v056,desktop,cart,2026-05-12 21:04:00
v129,mobile,cart,2026-05-11 17:26:00
v047,desktop,view,2026-05-10 18:46:00
v175,mobile,purchase,2026-05-02 13:36:00
v064,tablet,view,2026-05-12 11:24:00
v085,desktop,view,2026-05-08 21:26:00
v080,mobile,purchase,2026-05-20 17:28:00
v004,tablet,view,2026-05-11 19:53:00
v043,mobile,cart,2026-05-20 20:51:00
v136,desktop,view,2026-05-07 21:44:00
v226,mobile,cart,2026-05-12 14:20:00
v115,desktop,view,2026-05-10 10:33:00
v038,desktop,cart,2026-05-04 17:14:00
v210,mobile,view,2026-05-16 14:00:00
v022,desktop,cart,2026-05-14 21:54:00
v171,mobile,view,2026-05-06 10:28:00
v178,tablet,cart,2026-05-19 17:31:00
v183,desktop,purchase,2026-05-20 14:08:00
v016,mobile,view,2026-05-09 12:07:00
v208,desktop,purchase,2026-05-10 19:32:00
v215,mobile,cart,2026-05-12 17:31:00
v051,mobile,cart,2026-05-17 13:24:00
v132,tablet,cart,2026-05-11 11:55:00
v037,desktop,view,2026-05-03 17:23:00
v055,tablet,purchase,2026-05-11 12:50:00
v151,mobile,cart,2026-05-11 11:22:00
v201,desktop,view,2026-05-07 20:44:00
v007,desktop,view,2026-05-07 10:23:00
v117,desktop,purchase,2026-05-05 21:14:00
v197,desktop,view,2026-05-10 19:28:00
v200,desktop,cart,2026-05-03 10:38:00
v132,tablet,cart,2026-05-11 12:43:00
v213,mobile,cart,2026-05-10 17:07:00
v213,mobile,view,2026-05-10 16:50:00
v030,mobile,view,2026-05-09 17:08:00
v195,desktop,view,2026-05-09 19:20:00
v015,desktop,view,2026-05-15 11:42:00
v195,desktop,cart,2026-05-09 20:23:00
v129,mobile,purchase,2026-05-11 19:15:00
v027,tablet,view,2026-05-09 17:16:00
v050,desktop,view,2026-05-12 12:15:00
v047,desktop,purchase,2026-05-10 21:22:00
v173,tablet,purchase,2026-05-18 11:25:00
v018,mobile,view,2026-05-13 12:01:00
v107,tablet,cart,2026-05-05 18:00:00
v086,tablet,view,2026-05-15 11:17:00
v173,tablet,view,2026-05-18 10:16:00
v108,desktop,view,2026-05-09 20:39:00
v062,tablet,cart,2026-05-05 22:34:00
v143,tablet,purchase,2026-05-06 19:24:00
v179,mobile,cart,2026-05-06 20:28:00
v017,desktop,view,2026-05-14 11:36:00
v053,tablet,view,2026-05-02 16:33:00
v178,tablet,cart,2026-05-19 18:02:00
v168,desktop,view,2026-05-16 16:07:00
v180,tablet,cart,2026-05-06 15:40:00
v104,tablet,cart,2026-05-06 20:59:00
v182,mobile,purchase,2026-05-03 15:59:00
v227,mobile,view,2026-05-05 16:50:00
v137,tablet,view,2026-05-10 11:37:00
v049,desktop,view,2026-05-16 14:16:00
v145,desktop,cart,2026-05-13 18:15:00
v163,desktop,purchase,2026-05-09 18:17:00
v236,tablet,cart,2026-05-20 10:35:00
v181,mobile,view,2026-05-20 19:45:00
v165,mobile,view,2026-05-13 19:00:00
v133,tablet,view,2026-05-14 14:51:00
v021,desktop,cart,2026-05-05 14:58:00
v146,mobile,view,2026-05-19 16:16:00
v003,tablet,cart,2026-05-01 10:12:00
v082,desktop,cart,2026-05-18 19:56:00
v113,tablet,cart,2026-05-11 11:01:00
v092,tablet,view,2026-05-03 09:14:00
v237,desktop,purchase,2026-05-16 17:26:00
v186,tablet,cart,2026-05-19 12:12:00
v139,mobile,purchase,2026-05-09 18:12:00
v110,desktop,view,2026-05-12 18:13:00
v170,desktop,cart,2026-05-10 11:14:00
v186,tablet,cart,2026-05-19 14:09:00
v216,tablet,cart,2026-05-15 13:44:00
v233,desktop,view,2026-05-09 19:20:00
v061,desktop,purchase,2026-05-04 19:39:00
v184,tablet,view,2026-05-18 22:18:00
v204,mobile,cart,2026-05-14 18:27:00
v005,mobile,purchase,2026-05-02 11:54:00
v229,desktop,view,2026-05-09 11:01:00
v220,mobile,purchase,2026-05-04 18:05:00
v213,mobile,cart,2026-05-10 18:16:00
v214,desktop,cart,2026-05-19 16:50:00
v176,tablet,view,2026-05-09 16:35:00
v045,tablet,cart,2026-05-04 18:26:00
v037,desktop,cart,2026-05-03 18:40:00
v073,desktop,view,2026-05-09 11:35:00
v081,desktop,purchase,2026-05-20 11:09:00
v218,desktop,purchase,2026-05-15 21:14:00
v223,mobile,view,2026-05-20 17:31:00
v176,tablet,view,2026-05-09 15:09:00
v083,tablet,cart,2026-05-15 16:34:00
v235,desktop,cart,2026-05-06 15:01:00
v186,tablet,purchase,2026-05-19 15:20:00
v165,mobile,purchase,2026-05-13 19:19:00
v133,tablet,view,2026-05-14 14:05:00
v070,desktop,cart,2026-05-06 16:49:00
v211,desktop,purchase,2026-05-13 17:59:00
v066,mobile,cart,2026-05-04 12:11:00
v141,mobile,purchase,2026-05-03 10:11:00
v143,tablet,cart,2026-05-06 18:43:00
v190,desktop,view,2026-05-02 20:52:00
v025,mobile,purchase,2026-05-13 12:56:00
v226,mobile,purchase,2026-05-12 16:24:00
v083,tablet,cart,2026-05-15 17:03:00
v212,tablet,purchase,2026-05-05 18:58:00
v197,desktop,purchase,2026-05-10 21:58:00
v199,tablet,cart,2026-05-09 14:34:00
v012,mobile,cart,2026-05-10 12:17:00
v199,tablet,view,2026-05-09 14:32:00
v007,desktop,view,2026-05-07 09:03:00
v064,tablet,view,2026-05-12 10:10:00
v223,mobile,cart,2026-05-20 18:17:00
v203,tablet,cart,2026-05-11 16:31:00
v131,mobile,view,2026-05-05 15:47:00
v045,tablet,cart,2026-05-04 19:41:00
v196,mobile,purchase,2026-05-08 16:41:00
v213,mobile,cart,2026-05-10 18:19:00
v171,mobile,purchase,2026-05-06 13:06:00
v059,mobile,view,2026-05-10 16:14:00
v203,tablet,cart,2026-05-11 14:46:00
v088,desktop,view,2026-05-12 17:37:00
v147,desktop,cart,2026-05-13 11:28:00
v033,mobile,cart,2026-05-20 15:16:00
v020,mobile,view,2026-05-07 19:29:00
v034,desktop,view,2026-05-16 13:02:00
v109,mobile,view,2026-05-09 12:30:00
v165,mobile,cart,2026-05-13 20:18:00
v108,desktop,view,2026-05-09 22:09:00
v046,tablet,purchase,2026-05-14 20:43:00
v223,mobile,cart,2026-05-20 18:07:00
v135,tablet,view,2026-05-13 17:40:00
v217,desktop,cart,2026-05-13 09:07:00
v232,tablet,cart,2026-05-20 09:47:00
v077,mobile,cart,2026-05-03 19:01:00
v018,mobile,view,2026-05-13 11:12:00
v149,mobile,cart,2026-05-18 18:16:00
v023,desktop,cart,2026-05-13 11:47:00
v104,tablet,cart,2026-05-06 18:22:00
v179,mobile,view,2026-05-06 20:04:00
v012,mobile,view,2026-05-10 13:28:00
v132,tablet,cart,2026-05-11 12:50:00
v040,tablet,view,2026-05-16 11:32:00
v178,tablet,cart,2026-05-19 19:17:00
v122,desktop,cart,2026-05-01 18:31:00
v085,desktop,purchase,2026-05-08 22:45:00
v057,mobile,view,2026-05-02 10:20:00
v125,mobile,view,2026-05-11 14:34:00
v038,desktop,purchase,2026-05-04 18:10:00
v140,tablet,cart,2026-05-04 14:46:00
v046,tablet,cart,2026-05-14 19:22:00
v131,mobile,view,2026-05-05 14:17:00
v134,tablet,cart,2026-05-11 08:04:00
v225,mobile,cart,2026-05-09 08:02:00
v150,mobile,view,2026-05-07 15:36:00
v013,mobile,purchase,2026-05-05 14:32:00
v055,tablet,view,2026-05-11 11:38:00
v075,desktop,cart,2026-05-04 08:51:00
v118,tablet,cart,2026-05-19 17:41:00
v054,desktop,view,2026-05-03 19:12:00
v103,mobile,cart,2026-05-18 10:08:00
v044,desktop,purchase,2026-05-08 13:12:00
v076,desktop,purchase,2026-05-13 20:44:00
v031,tablet,cart,2026-05-07 12:18:00
v063,mobile,cart,2026-05-05 12:03:00
v029,tablet,view,2026-05-17 13:25:00
v140,tablet,view,2026-05-04 14:29:00
v053,tablet,purchase,2026-05-02 17:56:00
v059,mobile,cart,2026-05-10 15:02:00
v172,mobile,view,2026-05-19 15:05:00
v096,mobile,view,2026-05-18 14:50:00
v130,mobile,cart,2026-05-20 10:36:00
v072,mobile,view,2026-05-12 11:30:00
v157,mobile,cart,2026-05-20 14:22:00
v084,desktop,purchase,2026-05-06 14:29:00
v106,tablet,view,2026-05-20 09:35:00
v043,mobile,cart,2026-05-20 19:19:00
v220,mobile,cart,2026-05-04 17:07:00
v148,desktop,view,2026-05-08 14:30:00
v062,tablet,view,2026-05-05 20:36:00
v180,tablet,view,2026-05-06 14:50:00
v073,desktop,purchase,2026-05-09 13:25:00
v168,desktop,cart,2026-05-16 17:36:00
v233,desktop,cart,2026-05-09 20:22:00
v121,desktop,cart,2026-05-10 15:01:00
v114,desktop,view,2026-05-07 16:20:00
v068,tablet,cart,2026-05-06 19:03:00
v196,mobile,view,2026-05-08 14:15:00
v097,tablet,cart,2026-05-03 08:02:00
v025,mobile,view,2026-05-13 12:01:00
v136,desktop,purchase,2026-05-07 22:57:00
v010,tablet,view,2026-05-10 09:08:00
v137,tablet,purchase,2026-05-10 12:28:00
v194,desktop,view,2026-05-02 18:21:00
v127,tablet,view,2026-05-11 13:19:00
v087,tablet,view,2026-05-01 14:07:00
v093,mobile,view,2026-05-11 14:23:00
v037,desktop,purchase,2026-05-03 19:28:00
v083,tablet,view,2026-05-15 15:13:00
v163,desktop,view,2026-05-09 17:21:00
v206,tablet,view,2026-05-10 14:40:00
v092,tablet,cart,2026-05-03 10:16:00
v004,tablet,purchase,2026-05-11 20:33:00
v226,mobile,view,2026-05-12 14:54:00
v160,mobile,purchase,2026-05-14 12:54:00
v184,tablet,view,2026-05-18 20:07:00
v222,desktop,view,2026-05-05 11:17:00
v024,desktop,cart,2026-05-04 19:09:00
v181,mobile,purchase,2026-05-20 20:12:00
v116,mobile,cart,2026-05-08 12:56:00
v054,desktop,cart,2026-05-03 20:19:00
v221,desktop,cart,2026-05-17 10:58:00
v231,desktop,cart,2026-05-10 19:28:00
v020,mobile,cart,2026-05-07 20:10:00
v074,desktop,cart,2026-05-06 22:14:00
v047,desktop,purchase,2026-05-10 22:06:00
v015,desktop,cart,2026-05-15 13:24:00
v002,mobile,purchase,2026-05-15 09:37:00
v189,mobile,view,2026-05-05 18:03:00
v009,desktop,view,2026-05-10 22:26:00
v090,mobile,purchase,2026-05-18 19:01:00
v009,desktop,view,2026-05-10 20:48:00
v185,tablet,view,2026-05-12 16:50:00
v033,mobile,purchase,2026-05-20 16:18:00
v176,tablet,view,2026-05-09 17:30:00
v091,tablet,purchase,2026-05-07 22:22:00
v169,mobile,view,2026-05-19 10:02:00
v174,mobile,purchase,2026-05-05 18:12:00
v238,mobile,view,2026-05-07 16:21:00
v224,desktop,view,2026-05-05 10:50:00
v082,desktop,purchase,2026-05-18 21:24:00
v045,tablet,purchase,2026-05-04 20:45:00
v121,desktop,view,2026-05-10 15:27:00
v115,desktop,cart,2026-05-10 12:05:00
v076,desktop,cart,2026-05-13 19:41:00
v080,mobile,view,2026-05-20 15:59:00
v119,desktop,view,2026-05-06 16:37:00
v166,tablet,view,2026-05-05 20:19:00
v081,desktop,view,2026-05-20 10:14:00
v212,tablet,view,2026-05-05 18:19:00
v169,mobile,purchase,2026-05-19 11:28:00
v193,desktop,view,2026-05-18 09:05:00
v153,tablet,view,2026-05-03 14:12:00
v160,mobile,cart,2026-05-14 11:46:00
v127,tablet,view,2026-05-11 14:43:00
v115,desktop,purchase,2026-05-10 11:06:00
v063,mobile,view,2026-05-05 10:12:00
v142,tablet,purchase,2026-05-02 11:57:00
v014,desktop,view,2026-05-20 17:55:00
v100,mobile,view,2026-05-10 18:01:00
v084,desktop,cart,2026-05-06 13:24:00
v102,mobile,cart,2026-05-01 15:10:00
v170,desktop,purchase,2026-05-10 11:30:00
v224,desktop,cart,2026-05-05 10:10:00
v089,tablet,view,2026-05-18 18:25:00
v010,tablet,purchase,2026-05-10 09:44:00
v209,mobile,view,2026-05-17 17:51:00
v181,mobile,cart,2026-05-20 19:03:00
v188,desktop,cart,2026-05-18 11:22:00
v106,tablet,view,2026-05-20 08:11:00
v183,desktop,view,2026-05-20 13:38:00
v120,mobile,cart,2026-05-08 12:13:00
v088,desktop,cart,2026-05-12 17:48:00
v215,mobile,view,2026-05-12 17:08:00
v189,mobile,cart,2026-05-05 18:53:00
v108,desktop,view,2026-05-09 23:00:00
v021,desktop,view,2026-05-05 14:29:00
v167,desktop,view,2026-05-05 17:43:00
v230,desktop,cart,2026-05-14 11:18:00
v218,desktop,purchase,2026-05-15 21:52:00
v192,mobile,view,2026-05-15 21:37:00
v038,desktop,view,2026-05-04 16:07:00
v127,tablet,view,2026-05-11 16:03:00
v197,desktop,purchase,2026-05-10 22:34:00
v112,tablet,cart,2026-05-03 17:35:00
v234,desktop,purchase,2026-05-02 11:58:00
v172,mobile,view,2026-05-19 16:20:00
v032,mobile,cart,2026-05-01 11:07:00
v016,mobile,purchase,2026-05-09 13:33:00
v047,desktop,cart,2026-05-10 19:23:00
v237,desktop,view,2026-05-16 17:22:00
v052,desktop,view,2026-05-15 15:48:00
v174,mobile,cart,2026-05-05 18:39:00
v118,tablet,purchase,2026-05-19 18:07:00
v205,tablet,cart,2026-05-17 21:15:00
v014,desktop,view,2026-05-20 17:26:00
v099,tablet,purchase,2026-05-17 12:34:00
v021,desktop,purchase,2026-05-05 15:21:00
v033,mobile,view,2026-05-20 16:13:00
v174,mobile,view,2026-05-05 16:54:00
v218,desktop,cart,2026-05-15 20:27:00
v124,desktop,cart,2026-05-15 13:08:00
v214,desktop,cart,2026-05-19 16:19:00
v144,mobile,view,2026-05-11 11:06:00
v103,mobile,cart,2026-05-18 11:21:00
v024,desktop,view,2026-05-04 18:06:00
v094,desktop,view,2026-05-04 14:56:00
v141,mobile,cart,2026-05-03 09:31:00
v048,desktop,cart,2026-05-18 21:25:00
v091,tablet,purchase,2026-05-07 21:13:00
v191,tablet,cart,2026-05-10 17:22:00
v065,tablet,view,2026-05-20 14:26:00
v197,desktop,cart,2026-05-10 19:36:00
v233,desktop,cart,2026-05-09 19:32:00
v061,desktop,view,2026-05-04 18:52:00
v155,mobile,purchase,2026-05-09 16:17:00
v173,tablet,cart,2026-05-18 09:51:00
v098,mobile,purchase,2026-05-15 19:44:00
v008,desktop,purchase,2026-05-19 19:41:00
v039,mobile,purchase,2026-05-01 14:53:00
v158,tablet,cart,2026-05-17 12:53:00
v122,desktop,view,2026-05-01 17:26:00
v157,mobile,view,2026-05-20 13:04:00
v090,mobile,view,2026-05-18 16:36:00
v156,mobile,view,2026-05-14 10:16:00
v098,mobile,view,2026-05-15 19:21:00
v026,tablet,view,2026-05-12 20:02:00
v216,tablet,purchase,2026-05-15 14:43:00
v139,mobile,view,2026-05-09 17:50:00
v207,tablet,purchase,2026-05-04 17:16:00
v051,mobile,cart,2026-05-17 12:11:00
v030,mobile,view,2026-05-09 17:16:00
v152,tablet,cart,2026-05-09 20:21:00
v056,desktop,view,2026-05-12 22:23:00
v216,tablet,cart,2026-05-15 11:30:00
v164,tablet,view,2026-05-06 17:17:00
v028,desktop,view,2026-05-12 12:00:00
v145,desktop,view,2026-05-13 17:19:00
v089,tablet,view,2026-05-18 18:56:00
v024,desktop,purchase,2026-05-04 19:57:00
v105,desktop,purchase,2026-05-09 09:03:00
v091,tablet,cart,2026-05-07 19:54:00
v100,mobile,cart,2026-05-10 19:07:00
v144,mobile,view,2026-05-11 09:10:00
v152,tablet,view,2026-05-09 19:11:00
v208,desktop,view,2026-05-10 18:21:00
v133,tablet,view,2026-05-14 15:03:00
v045,tablet,view,2026-05-04 19:06:00
v186,tablet,view,2026-05-19 13:01:00
v189,mobile,purchase,2026-05-05 19:48:00
v128,tablet,cart,2026-05-09 17:05:00
v002,mobile,view,2026-05-15 09:10:00
v073,desktop,cart,2026-05-09 12:43:00
v052,desktop,cart,2026-05-15 15:20:00
v153,tablet,view,2026-05-03 15:17:00
v136,desktop,purchase,2026-05-07 21:55:00
v150,mobile,cart,2026-05-07 14:26:00
v082,desktop,view,2026-05-18 19:32:00
v107,tablet,view,2026-05-05 16:56:00
v177,tablet,cart,2026-05-14 19:31:00
v094,desktop,purchase,2026-05-04 15:56:00
v154,desktop,view,2026-05-12 09:46:00
v062,tablet,purchase,2026-05-05 21:40:00
v177,tablet,purchase,2026-05-14 18:59:00
v089,tablet,view,2026-05-18 17:12:00
v096,mobile,view,2026-05-18 13:46:00
v111,desktop,cart,2026-05-14 11:18:00
v077,mobile,view,2026-05-03 17:07:00
v144,mobile,cart,2026-05-11 10:14:00
v228,tablet,view,2026-05-07 10:10:00
v104,tablet,view,2026-05-06 17:09:00
v047,desktop,view,2026-05-10 20:34:00
v044,desktop,view,2026-05-08 12:07:00
v015,desktop,cart,2026-05-15 14:07:00
v057,mobile,purchase,2026-05-02 10:28:00
v129,mobile,view,2026-05-11 17:55:00
v019,tablet,view,2026-05-04 18:06:00
v082,desktop,cart,2026-05-18 19:13:00
v239,desktop,view,2026-05-16 10:18:00
v225,mobile,view,2026-05-09 08:45:00
v028,desktop,purchase,2026-05-12 12:35:00
v034,desktop,view,2026-05-16 10:28:00
v130,mobile,view,2026-05-20 10:20:00
v060,mobile,purchase,2026-05-11 18:09:00
v078,tablet,cart,2026-05-16 16:27:00
v206,tablet,cart,2026-05-10 14:21:00
v112,tablet,view,2026-05-03 17:14:00
v208,desktop,cart,2026-05-10 17:02:00
v121,desktop,cart,2026-05-10 16:44:00
v061,desktop,cart,2026-05-04 17:41:00
v234,desktop,cart,2026-05-02 10:35:00
v196,mobile,cart,2026-05-08 15:33:00
v104,tablet,cart,2026-05-06 19:30:00
v158,tablet,view,2026-05-17 12:10:00
v125,mobile,purchase,2026-05-11 15:16:00
v026,tablet,view,2026-05-12 21:02:00
v230,desktop,view,2026-05-14 10:26:00
v180,tablet,purchase,2026-05-06 16:53:00
v230,desktop,purchase,2026-05-14 10:31:00
v067,mobile,view,2026-05-07 13:31:00
v185,tablet,view,2026-05-12 15:01:00
v222,desktop,purchase,2026-05-05 11:28:00
v205,tablet,view,2026-05-17 19:50:00
v054,desktop,purchase,2026-05-03 21:32:00
v132,tablet,view,2026-05-11 11:43:00
