user_id,signup_date
U056,2026-04-02
U115,2026-01-04
U069,2026-05-24
U120,2026-01-07
U133,2026-03-07
U037,2026-03-12
U062,2026-06-08
U018,2026-03-20
U035,2026-06-25
U032,2026-01-22
U116,2026-05-09
U019,2026-03-02
U091,2026-03-04
U109,2026-01-12
U071,2026-01-24
U143,2026-06-10
U007,2026-02-10
U084,2026-04-24
U048,2026-03-23
U057,2026-05-26
U045,2026-01-03
U050,2026-05-22
U135,2026-01-24
U094,2026-02-04
U005,2026-06-23
U043,2026-04-26
U059,2026-03-23
U141,2026-06-26
U123,2026-06-18
U025,2026-03-02
U092,2026-06-12
U117,2026-04-21
U111,2026-02-21
U104,2026-04-08
U101,2026-04-01
U049,2026-02-05
U097,2026-03-24
U001,2026-02-01
U034,2026-02-07
U072,2026-02-03
U013,2026-03-01
U113,2026-05-11
U122,2026-02-20
U103,2026-05-24
U078,2026-05-18
U031,2026-02-08
U077,2026-04-21
U068,2026-05-21
U110,2026-03-26
U022,2026-03-18
U076,2026-04-05
U052,2026-01-05
U053,2026-04-05
U040,2026-01-26
U095,2026-06-01
U114,2026-06-06
U021,2026-02-07
U148,2026-04-21
U004,2026-03-04
U027,2026-03-26
U140,2026-01-24
U100,2026-06-11
U079,2026-01-18
U041,2026-02-25
U051,2026-04-02
U036,2026-03-03
U081,2026-05-12
U102,2026-05-27
U020,2026-01-24
U106,2026-04-07
U012,2026-02-24
U066,2026-03-26
U089,2026-01-24
U105,2026-05-10
U002,2026-01-11
U023,2026-04-11
U108,2026-04-05
U131,2026-03-04
U129,2026-02-01
U087,2026-02-13
U026,2026-05-13
U064,2026-04-27
U130,2026-04-08
U055,2026-01-15
U029,2026-01-11
U118,2026-04-18
U112,2026-04-21
U058,2026-05-09
U061,2026-06-18
U011,2026-03-20
U139,2026-06-26
U014,2026-06-27
U075,2026-02-07
U073,2026-03-13
U088,2026-03-17
U090,2026-01-18
U003,2026-06-15
U006,2026-06-14
U010,2026-01-24
U137,2026-06-03
U138,2026-03-23
U038,2026-05-05
U016,2026-03-01
U083,2026-03-23
U039,2026-05-23
U024,2026-05-20
U107,2026-01-21
U070,2026-01-26
U030,2026-01-05
U119,2026-02-04
U136,2026-05-16
U144,2026-02-03
U065,2026-03-07
U060,2026-01-05
U132,2026-03-02
U085,2026-05-22
U124,2026-06-07
U044,2026-04-01
U046,2026-02-10
U134,2026-04-22
U074,2026-04-22
U033,2026-01-22
U126,2026-04-10
U128,2026-05-11
U093,2026-03-15
U047,2026-02-22
U099,2026-05-20
U121,2026-05-27
U028,2026-03-09
U145,2026-02-21
U009,2026-02-01
U063,2026-02-23
U125,2026-04-06
U096,2026-05-18
U082,2026-06-20
U042,2026-05-13
U149,2026-02-26
U015,2026-04-07
U098,2026-01-01
U008,2026-01-03
U086,2026-06-02
U054,2026-01-23
U017,2026-01-27
U150,2026-06-04
U067,2026-02-02
U127,2026-02-11
U142,2026-02-16
U147,2026-06-08
U080,2026-03-14
U146,2026-04-28
