user_id,ts,page
u06,2026-04-03 12:05:13,help
u08,2026-04-04 20:44:26,home
u07,2026-04-04 15:05:36,cart
u10,2026-04-02 10:25:37,home
u08,2026-04-04 18:43:39,home
u09,2026-04-03 01:48:47,help
u03,2026-04-04 14:43:06,product
u11,2026-04-04 21:16:55,home
u04,2026-04-04 10:21:26,cart
u05,2026-04-01 10:00:15,product
u11,2026-04-04 17:03:30,cart
u10,2026-04-03 03:57:17,product
u10,2026-04-02 15:10:07,account
u01,2026-04-03 15:42:48,help
u06,2026-04-03 18:48:35,product
u03,2026-04-04 19:04:46,search
u07,2026-04-04 10:27:19,account
u04,2026-04-04 10:54:37,cart
u03,2026-04-04 18:31:30,home
u08,2026-04-04 20:57:02,search
u02,2026-04-04 22:47:35,home
u06,2026-04-04 04:46:48,account
u05,2026-04-01 09:28:23,product
u04,2026-04-04 10:40:51,search
u11,2026-04-05 01:47:10,search
u09,2026-04-02 16:18:30,home
u02,2026-04-05 04:55:18,cart
u02,2026-04-05 04:05:28,help
u06,2026-04-03 12:44:31,home
u11,2026-04-04 09:41:09,search
u03,2026-04-04 07:47:17,search
u01,2026-04-03 15:39:54,product
u06,2026-04-03 19:03:50,search
u02,2026-04-05 03:50:41,home
u11,2026-04-04 08:48:45,help
u04,2026-04-04 21:49:14,account
u02,2026-04-05 00:47:16,account
u12,2026-04-03 17:54:10,search
u12,2026-04-03 15:40:34,search
u10,2026-04-02 15:03:10,account
u09,2026-04-02 09:25:22,account
u11,2026-04-04 08:40:18,help
u04,2026-04-04 08:21:47,search
u10,2026-04-02 09:49:29,home
u12,2026-04-03 17:18:44,home
u08,2026-04-04 07:36:04,cart
u11,2026-04-04 09:09:19,search
u08,2026-04-04 07:51:43,account
u11,2026-04-05 06:27:41,home
u11,2026-04-05 01:59:52,product
u06,2026-04-03 12:13:42,cart
u02,2026-04-05 04:35:19,cart
u11,2026-04-05 07:24:44,cart
u04,2026-04-04 21:58:31,home
u06,2026-04-04 04:52:52,product
u06,2026-04-03 09:28:39,search
u01,2026-04-03 08:03:37,home
u03,2026-04-04 18:46:27,account
u03,2026-04-04 09:48:00,account
u04,2026-04-04 15:15:22,search
u05,2026-04-01 15:06:41,home
u10,2026-04-02 09:43:07,search
u09,2026-04-02 21:01:27,cart
u02,2026-04-04 19:03:59,account
u08,2026-04-04 21:38:57,cart
u10,2026-04-03 04:15:02,cart
u05,2026-04-01 09:31:21,cart
u12,2026-04-03 10:57:50,product
u02,2026-04-04 19:21:53,help
u01,2026-04-03 15:47:39,cart
u11,2026-04-04 09:23:11,home
u10,2026-04-02 09:35:23,search
u06,2026-04-03 13:12:48,search
u04,2026-04-04 22:16:34,cart
u04,2026-04-04 10:47:28,help
u09,2026-04-02 21:16:10,search
u11,2026-04-05 07:33:57,search
u06,2026-04-03 23:46:54,help
u02,2026-04-04 16:00:10,help
u02,2026-04-05 03:46:41,cart
u06,2026-04-04 05:00:15,search
u06,2026-04-03 18:53:16,cart
u05,2026-04-01 20:10:46,search
u03,2026-04-04 12:30:20,search
u06,2026-04-04 05:01:53,home
u09,2026-04-02 16:41:18,product
u12,2026-04-03 10:56:28,product
u11,2026-04-04 12:56:26,product
u04,2026-04-04 15:21:55,home
u03,2026-04-04 12:00:55,search
u11,2026-04-05 06:31:37,home
u02,2026-04-04 10:41:28,account
u04,2026-04-04 16:38:28,help
u02,2026-04-04 15:50:58,account
u06,2026-04-03 18:40:53,product
u11,2026-04-05 07:09:03,search
u03,2026-04-04 14:32:36,account
u11,2026-04-04 21:04:39,cart
u04,2026-04-04 07:59:45,home
u06,2026-04-04 00:47:23,search
u08,2026-04-04 12:59:48,account
u08,2026-04-04 12:43:41,home
u10,2026-04-02 14:51:06,search
u10,2026-04-02 10:20:55,home
u09,2026-04-02 09:59:43,search
u11,2026-04-04 12:43:01,account
u03,2026-04-04 19:10:15,product
u10,2026-04-02 20:35:27,search
u02,2026-04-05 00:56:41,cart
u09,2026-04-02 21:18:24,account
u07,2026-04-04 14:34:07,product
u05,2026-04-01 15:22:27,account
u12,2026-04-03 10:16:19,account
u08,2026-04-04 21:12:27,product
u01,2026-04-03 11:20:29,search
u02,2026-04-04 11:07:57,home
u08,2026-04-04 12:15:20,help
u01,2026-04-03 08:32:43,search
u06,2026-04-04 04:50:30,search
u03,2026-04-04 12:17:13,account
u08,2026-04-04 20:50:50,home
u11,2026-04-04 17:19:39,product
u04,2026-04-05 01:39:25,account
u09,2026-04-02 15:38:37,product
u02,2026-04-05 03:32:22,cart
u11,2026-04-04 09:30:47,help
u02,2026-04-04 11:25:54,home
u02,2026-04-04 15:32:59,cart
u07,2026-04-04 10:08:50,help
u05,2026-04-01 07:00:07,cart
u07,2026-04-04 10:32:17,product
u07,2026-04-04 10:40:32,home
u04,2026-04-04 16:07:14,product
u02,2026-04-04 22:50:31,help
u06,2026-04-03 16:08:48,search
u01,2026-04-03 15:21:24,cart
u11,2026-04-05 01:35:31,search
u02,2026-04-04 15:45:55,cart
u11,2026-04-04 16:54:57,account
u09,2026-04-03 01:31:03,cart
u02,2026-04-05 01:34:07,help
u05,2026-04-01 19:32:26,help
u01,2026-04-03 10:58:42,account
u06,2026-04-04 00:59:44,help
u06,2026-04-03 18:19:44,home
u08,2026-04-04 16:10:16,home
u09,2026-04-03 01:28:33,help
u02,2026-04-04 11:35:48,search
u12,2026-04-03 10:41:02,product
u05,2026-04-01 19:50:59,cart
u01,2026-04-03 07:40:33,home
u02,2026-04-04 16:15:32,cart
u09,2026-04-02 20:49:27,search
u07,2026-04-04 10:17:01,search
u11,2026-04-04 10:00:57,cart
u04,2026-04-04 09:34:02,help
u08,2026-04-04 16:30:24,account
u10,2026-04-02 20:02:42,account
u02,2026-04-05 01:40:58,search
u09,2026-04-03 02:08:46,account
u07,2026-04-04 20:49:58,cart
u12,2026-04-03 17:15:10,search
u03,2026-04-04 11:58:29,account
u01,2026-04-03 08:16:55,search
u10,2026-04-02 20:17:25,home
u03,2026-04-04 07:49:21,account
u01,2026-04-03 10:29:37,account
u07,2026-04-04 19:53:14,cart
u02,2026-04-05 02:00:00,home
u06,2026-04-03 09:58:53,account
u04,2026-04-04 22:29:46,home
u11,2026-04-04 12:22:46,product
u01,2026-04-03 21:00:25,home
u03,2026-04-04 09:31:34,home
u02,2026-04-05 01:19:42,home
u06,2026-04-03 23:53:30,product
u06,2026-04-03 23:34:03,cart
u09,2026-04-02 09:43:24,help
u09,2026-04-02 21:38:54,cart
u06,2026-04-03 16:23:11,help
u12,2026-04-03 18:07:43,search
u11,2026-04-05 07:10:35,account
u07,2026-04-04 10:25:42,product
u09,2026-04-02 15:35:19,help
u06,2026-04-03 09:52:44,help
u11,2026-04-04 12:40:51,home
u04,2026-04-04 08:12:04,help
u02,2026-04-05 00:43:22,help
u03,2026-04-04 19:26:26,product
u09,2026-04-03 02:26:17,home
u06,2026-04-04 00:10:13,home
u04,2026-04-04 09:53:52,help
u04,2026-04-04 15:37:38,home
u04,2026-04-04 16:12:53,home
u07,2026-04-04 14:18:05,product
u08,2026-04-04 18:57:48,home
u08,2026-04-04 21:55:11,search
u01,2026-04-03 20:52:22,account
u02,2026-04-05 04:23:38,product
u06,2026-04-03 10:18:30,product
u04,2026-04-04 10:12:32,account
u10,2026-04-02 22:27:11,search
u10,2026-04-02 09:53:09,product
u05,2026-04-01 09:09:54,cart
u04,2026-04-04 07:32:04,search
u04,2026-04-04 08:03:52,home
u03,2026-04-04 14:46:22,product
u01,2026-04-03 20:43:45,help
u08,2026-04-04 21:22:02,help
u01,2026-04-03 11:15:22,help
u10,2026-04-03 03:50:22,search
u06,2026-04-04 00:32:13,product
u08,2026-04-04 21:34:59,search
u10,2026-04-02 20:19:05,search
u04,2026-04-04 21:46:48,cart
u02,2026-04-04 19:37:34,account
u03,2026-04-04 19:22:21,product
u10,2026-04-03 05:01:29,product
u08,2026-04-04 12:55:04,home
u07,2026-04-04 14:44:21,help
u06,2026-04-03 13:17:49,help
u09,2026-04-03 01:18:00,help
u06,2026-04-04 00:15:19,search
u10,2026-04-02 20:15:39,home
u06,2026-04-03 10:24:46,search
u12,2026-04-03 15:54:57,search
u03,2026-04-04 09:49:03,home
u01,2026-04-03 10:31:01,product
u02,2026-04-05 04:56:24,search
u10,2026-04-02 23:00:41,help
u12,2026-04-03 17:10:29,help
u08,2026-04-04 13:19:29,cart
u12,2026-04-03 10:29:45,cart
u10,2026-04-02 10:11:36,home
u03,2026-04-04 10:08:18,search
u01,2026-04-03 10:38:51,account
u06,2026-04-03 18:29:08,search
u04,2026-04-04 15:25:25,help
u07,2026-04-04 20:16:14,cart
u02,2026-04-04 22:54:33,home
u11,2026-04-05 06:46:49,cart
u08,2026-04-04 19:02:49,help
u07,2026-04-04 10:55:27,help
u03,2026-04-04 07:53:15,home
u08,2026-04-04 20:55:06,help
u05,2026-04-01 09:49:39,cart
u10,2026-04-03 04:28:50,cart
u07,2026-04-04 14:51:13,search
u08,2026-04-04 07:59:17,home
u03,2026-04-04 12:42:57,cart
u11,2026-04-04 21:24:25,home
u09,2026-04-02 16:36:36,search
u07,2026-04-04 19:55:03,cart
u10,2026-04-02 20:38:04,search
u11,2026-04-04 21:36:35,help
u10,2026-04-02 14:34:53,search
u02,2026-04-04 23:10:01,help
u07,2026-04-04 10:52:31,cart
u02,2026-04-04 10:52:27,product
u10,2026-04-03 04:42:35,search
u10,2026-04-02 20:52:54,help
u02,2026-04-05 03:39:58,help
u10,2026-04-02 22:46:43,cart
u04,2026-04-04 21:13:26,help
u04,2026-04-04 16:27:45,help
u06,2026-04-03 16:31:24,cart
u07,2026-04-04 19:37:42,help
u01,2026-04-03 11:30:04,cart
u01,2026-04-03 08:37:07,help
u06,2026-04-03 15:49:21,home
u09,2026-04-02 10:24:54,cart
u02,2026-04-04 11:05:07,account
u02,2026-04-04 14:51:44,cart
u08,2026-04-04 16:26:41,account
u10,2026-04-03 05:02:38,search
u05,2026-04-01 20:26:51,cart
u11,2026-04-05 01:27:45,home
u06,2026-04-03 09:30:33,search
u06,2026-04-03 09:48:49,product
u04,2026-04-04 21:24:02,help
u03,2026-04-04 08:12:13,account
u06,2026-04-03 09:08:58,account
u11,2026-04-04 09:02:06,account
u07,2026-04-04 20:57:58,search
u04,2026-04-04 21:41:06,help
u05,2026-04-01 20:12:07,search
u09,2026-04-02 10:21:27,account
u08,2026-04-04 12:33:32,product
u11,2026-04-04 17:26:18,account
u04,2026-04-04 15:48:56,search
u02,2026-04-04 15:26:14,cart
u02,2026-04-04 11:46:48,product
u01,2026-04-03 07:36:39,home
u07,2026-04-04 20:33:12,help
u06,2026-04-03 23:45:52,product
u01,2026-04-03 11:12:47,help
u11,2026-04-05 06:52:43,home
u09,2026-04-03 02:07:09,account
u10,2026-04-03 04:13:19,home
u09,2026-04-02 21:31:11,product
u06,2026-04-03 12:29:19,product
u04,2026-04-04 07:47:58,cart
u04,2026-04-04 09:32:58,help
u02,2026-04-05 01:55:45,product
u02,2026-04-04 15:08:49,account
u07,2026-04-04 19:57:13,home
u12,2026-04-03 15:23:15,product
u06,2026-04-03 12:57:55,product
u09,2026-04-02 15:43:52,account
u04,2026-04-04 09:39:18,product
u06,2026-04-04 05:10:38,product
u02,2026-04-05 01:15:53,cart
u09,2026-04-02 10:01:31,home
u12,2026-04-03 17:35:59,home
u09,2026-04-02 15:59:34,cart
u02,2026-04-04 23:01:34,account
u03,2026-04-04 07:25:21,product
u02,2026-04-04 11:02:05,account
u05,2026-04-01 07:10:31,product
u01,2026-04-03 07:49:43,search
u04,2026-04-05 01:23:56,account
u05,2026-04-01 09:04:10,search
u03,2026-04-04 07:43:50,cart
