visit_id,visitor,site,visits
1,Amélie García,www.shop.example.net,14
2,Zoë Çelik,HTTPS://WWW.SHOP.EXAMPLE.NET,26
3,Omar O'Brien,https://blog.example.org:8080/about,32
4,Sofia García,https://docs.example.co.uk:8080/post/12,7
5,Núria Lindqvist,docs.example.co.uk/about,32
6,Omar García,http://example.com/shop?id=4,10
7,Zoë Müller,shop.example.net/about,15
8,Priya O'Brien,HTTPS://WWW.DOCS.EXAMPLE.CO.UK,6
9,Renée García,HTTPS://WWW.SHOP.EXAMPLE.NET,3
10,Aiko Müller,www.shop.example.net,16
11,Søren Okafor,www.example.com,8
12,José Okafor,HTTPS://WWW.SHOP.EXAMPLE.NET,40
13,Zoë Fernández,shop.example.net,23
14,Amélie García,https://www.example.com/shop?id=4,12
15,Noah Ibáñez,docs.example.co.uk/shop?id=4,40
16,Omar Kowalski,www.shop.example.net,4
17,Núria Nguyen,shop.example.net/docs/start#intro,9
18,Élodie O'Brien,https://example.io:8080,3
19,Sofia Nguyen,HTTPS://WWW.SHOP.EXAMPLE.NET,29
20,Bjørn Rossi,http://example.io/,7
21,Élodie Fernández,shop.example.net/shop?id=4,17
22,Mateo Nguyen,shop.example.net/,34
23,Zoë García,www.shop.example.net,1
24,José Lindqvist,https://www.shop.example.net/docs/start#intro,14
25,Søren Nguyen,https://www.example.com/post/12,6
26,Noah Çelik,example.io/about,35
27,Noah Haddad,docs.example.co.uk/docs/start#intro,23
28,Priya Lindqvist,https://blog.example.org:8080/about,4
29,Omar Kowalski,https://www.blog.example.org,1
30,Núria Dubois,http://shop.example.net/about,32
31,Bjørn Kowalski,https://shop.example.net:8080/shop?id=4,31
32,José O'Brien,HTTPS://WWW.DOCS.EXAMPLE.CO.UK,32
33,Søren Lindqvist,blog.example.org/post/12,7
34,Mateo Ibáñez,www.docs.example.co.uk,26
35,Zoë Kowalski,https://docs.example.co.uk:8080/about,36
36,Bjørn Silva,http://example.com/shop?id=4,9
37,Renée Çelik,www.example.com,14
38,Chen Müller,https://www.example.io/post/12,17
39,José Dubois,http://example.io/shop?id=4,21
40,José Çelik,https://blog.example.org:8080/post/12,5
41,Sofia Çelik,www.example.io,30
42,Priya Rossi,shop.example.net/post/12,32
43,Mateo Dubois,www.example.io,36
44,Sofia Silva,http://docs.example.co.uk/docs/start#intro,12
45,Chen Rossi,shop.example.net/docs/start#intro,13
46,Mateo Dubois,www.docs.example.co.uk,29
47,Bjørn Lindqvist,https://shop.example.net:8080/about,14
48,Mateo Ibáñez,http://example.com/,11
49,Priya Çelik,shop.example.net/about,24
50,Renée Lindqvist,http://example.io,38
51,Aiko Fernández,https://blog.example.org:8080/post/12,16
52,Søren Fernández,http://docs.example.co.uk/shop?id=4,6
53,Zoë Ibáñez,http://example.io/,13
54,Aiko O'Brien,https://www.example.io/shop?id=4,4
55,Amélie Çelik,https://www.example.io/docs/start#intro,23
56,Mateo Haddad,HTTPS://WWW.EXAMPLE.COM,25
57,Amélie Rossi,https://example.io:8080/shop?id=4,10
58,Núria Okafor,http://example.com/shop?id=4,38
59,Lucía Müller,shop.example.net/shop?id=4,23
60,Mateo García,www.shop.example.net,11
61,Zoë Çelik,https://shop.example.net:8080,5
62,Noah Okafor,http://example.io/post/12,9
63,Bjørn Müller,HTTPS://WWW.DOCS.EXAMPLE.CO.UK,22
64,Élodie Okafor,www.blog.example.org,27
65,Aiko Dubois,http://blog.example.org/,37
66,Amélie Rossi,HTTPS://WWW.SHOP.EXAMPLE.NET,21
67,Bjørn Çelik,example.com,17
68,Élodie Rossi,http://example.com/post/12,39
69,Élodie García,https://www.example.com/,21
70,Amélie García,https://example.com:8080/,11
71,Núria García,docs.example.co.uk/docs/start#intro,27
72,Núria Haddad,example.io/post/12,20
73,Sofia Dubois,www.docs.example.co.uk,29
74,Aiko Haddad,HTTPS://WWW.EXAMPLE.IO,32
75,Sofia Müller,blog.example.org,28
76,Noah Lindqvist,https://www.docs.example.co.uk,36
77,Lucía Dubois,http://docs.example.co.uk/post/12,20
78,José Okafor,http://example.io/shop?id=4,26
79,Élodie Haddad,https://www.shop.example.net/shop?id=4,24
80,Bjørn García,www.blog.example.org,34
81,Søren Lindqvist,http://example.io/docs/start#intro,15
82,Priya Rossi,https://example.com:8080/about,8
83,Noah García,https://www.docs.example.co.uk/post/12,28
84,Noah Rossi,HTTPS://WWW.EXAMPLE.IO,14
85,Mateo Silva,http://shop.example.net/,8
86,Amélie Ibáñez,https://www.blog.example.org/,14
87,Zoë Kowalski,www.docs.example.co.uk,14
88,Bjørn Okafor,HTTPS://WWW.SHOP.EXAMPLE.NET,13
89,Lucía Nguyen,www.blog.example.org,16
90,Sofia Kowalski,http://blog.example.org/docs/start#intro,8
91,Omar Haddad,www.example.com,6
92,Noah Fernández,HTTPS://WWW.EXAMPLE.COM,18
93,Aiko Silva,shop.example.net/post/12,26
94,Sofia O'Brien,http://blog.example.org/post/12,40
95,Mateo O'Brien,http://docs.example.co.uk/about,10
96,Chen Rossi,https://shop.example.net:8080/shop?id=4,31
97,Søren Çelik,https://docs.example.co.uk:8080/shop?id=4,15
98,Aiko Ibáñez,http://blog.example.org/post/12,5
99,Renée Ibáñez,http://example.io/,22
100,Priya Haddad,https://blog.example.org:8080,38
101,Omar Fernández,www.blog.example.org,24
102,Élodie Rossi,www.blog.example.org,7
103,Chen Fernández,https://www.example.io/about,39
104,Zoë Ibáñez,www.docs.example.co.uk,12
105,José Ibáñez,HTTPS://WWW.DOCS.EXAMPLE.CO.UK,32
106,Noah Rossi,www.blog.example.org,22
107,Zoë Okafor,http://docs.example.co.uk,34
108,José Çelik,HTTPS://WWW.EXAMPLE.COM,3
109,Søren Kowalski,example.com/post/12,19
110,José Haddad,http://docs.example.co.uk,29
111,Renée Fernández,example.com/,9
112,Chen Rossi,http://docs.example.co.uk/post/12,2
113,Bjørn Çelik,www.shop.example.net,14
114,Chen O'Brien,https://example.io:8080/post/12,29
115,Omar Okafor,https://docs.example.co.uk:8080/docs/start#intro,38
116,Bjørn Silva,HTTPS://WWW.BLOG.EXAMPLE.ORG,28
117,Amélie Dubois,http://example.com/post/12,23
118,Élodie Ibáñez,docs.example.co.uk/about,17
119,Núria Haddad,example.io,37
120,Omar Çelik,www.example.io,7
121,Lucía Kowalski,http://shop.example.net/docs/start#intro,13
122,José Haddad,blog.example.org/,18
123,Zoë O'Brien,https://www.blog.example.org/shop?id=4,23
124,Søren Fernández,https://docs.example.co.uk:8080,10
125,Lucía Fernández,https://docs.example.co.uk:8080,9
126,Noah Lindqvist,https://blog.example.org:8080,33
127,Aiko Ibáñez,example.com/docs/start#intro,37
128,Amélie Kowalski,https://example.io:8080/,20
129,Mateo Silva,https://www.docs.example.co.uk/shop?id=4,19
130,José Silva,shop.example.net/,7
131,Aiko Okafor,HTTPS://WWW.DOCS.EXAMPLE.CO.UK,19
132,Søren Müller,www.shop.example.net,16
133,Chen Müller,HTTPS://WWW.EXAMPLE.COM,37
134,Bjørn Nguyen,docs.example.co.uk,33
135,Amélie Haddad,https://shop.example.net:8080/docs/start#intro,26
136,José Müller,https://www.shop.example.net,10
137,Élodie Okafor,https://www.example.io/shop?id=4,40
138,Élodie Okafor,http://shop.example.net/docs/start#intro,34
139,Priya Nguyen,http://example.com/shop?id=4,4
140,Noah Müller,http://docs.example.co.uk,35
