room,start_ts,end_ts
Borealis,2026-04-14 12:00,2026-04-14 14:00
Atlas,2026-04-14 11:00,2026-04-14 12:30
Borealis,2026-04-14 09:00,2026-04-14 10:00
Borealis,2026-04-14 09:00,2026-04-14 09:30
Borealis,2026-04-14 11:00,2026-04-14 11:30
Delta,2026-04-14 09:00,2026-04-14 09:30
Borealis,2026-04-14 09:30,2026-04-14 10:00
Delta,2026-04-14 13:00,2026-04-14 14:00
Atlas,2026-04-14 08:30,2026-04-14 09:30
Atlas,2026-04-14 12:00,2026-04-14 13:00
Cirrus,2026-04-14 16:00,2026-04-14 17:00
Cirrus,2026-04-14 08:30,2026-04-14 09:30
Cirrus,2026-04-14 12:30,2026-04-14 13:30
Cirrus,2026-04-14 16:00,2026-04-14 18:00
Delta,2026-04-14 10:30,2026-04-14 11:30
Cirrus,2026-04-14 13:00,2026-04-14 14:00
Cirrus,2026-04-14 09:00,2026-04-14 09:30
Atlas,2026-04-14 16:00,2026-04-14 18:00
Borealis,2026-04-14 13:00,2026-04-14 14:00
Cirrus,2026-04-14 11:30,2026-04-14 13:00
Atlas,2026-04-14 08:30,2026-04-14 10:30
Delta,2026-04-14 17:00,2026-04-14 17:30
Borealis,2026-04-14 11:30,2026-04-14 13:30
Delta,2026-04-14 15:30,2026-04-14 16:00
Delta,2026-04-14 15:00,2026-04-14 15:30
Atlas,2026-04-14 15:30,2026-04-14 16:30
Cirrus,2026-04-14 15:00,2026-04-14 16:00
Borealis,2026-04-14 11:30,2026-04-14 12:30
Delta,2026-04-14 09:00,2026-04-14 10:30
Borealis,2026-04-14 08:00,2026-04-14 09:00
Delta,2026-04-14 13:00,2026-04-14 14:30
Borealis,2026-04-14 11:30,2026-04-14 12:00
Atlas,2026-04-14 08:00,2026-04-14 10:00
Cirrus,2026-04-14 12:30,2026-04-14 13:00
Cirrus,2026-04-14 14:00,2026-04-14 14:30
Borealis,2026-04-14 08:30,2026-04-14 10:00
Borealis,2026-04-14 12:30,2026-04-14 13:30
Borealis,2026-04-14 17:00,2026-04-14 17:30
Cirrus,2026-04-14 16:30,2026-04-14 18:00
Delta,2026-04-14 14:00,2026-04-14 15:00
Atlas,2026-04-14 18:00,2026-04-14 19:00
Atlas,2026-04-14 15:30,2026-04-14 16:00
Atlas,2026-04-14 10:30,2026-04-14 11:00
Delta,2026-04-14 10:30,2026-04-14 12:30
Cirrus,2026-04-14 10:00,2026-04-14 11:00
Delta,2026-04-14 12:00,2026-04-14 13:30
Atlas,2026-04-14 08:00,2026-04-14 09:00
Cirrus,2026-04-14 11:30,2026-04-14 13:30
Atlas,2026-04-14 13:00,2026-04-14 14:00
Atlas,2026-04-14 11:30,2026-04-14 13:00
Delta,2026-04-14 10:30,2026-04-14 11:30
Delta,2026-04-14 10:00,2026-04-14 12:00
