order_id,product,ordered
6077,Mug,2026-01-19
6085,Clock,2025-10-18
6045,Lamp,2025-12-13
6090,Clock,2026-02-28
6067,Scale,2025-11-28
6049,Mug,2026-04-15
6059,Scale,2025-12-04
6053,Kettle,2026-03-02
6024,Lamp,2025-12-11
6079,Kettle,2026-03-07
6083,Clock,2026-02-26
6064,Mug,2026-03-18
6080,Lamp,2026-02-28
6042,Lamp,2025-10-24
6038,Kettle,2025-12-05
6031,Scale,2026-01-07
6001,Mug,2026-03-22
6002,Kettle,2026-02-20
6027,Kettle,2025-12-17
6005,Clock,2025-12-10
6082,Mug,2025-12-11
6072,Kettle,2025-10-26
6074,Scale,2026-01-18
6021,Lamp,2025-11-23
6041,Scale,2026-01-30
6020,Lamp,2026-02-26
6015,Scale,2026-03-09
6081,Mug,2026-02-23
6076,Lamp,2025-11-30
6052,Mug,2025-12-18
6036,Scale,2026-01-21
6071,Lamp,2025-12-05
6044,Mug,2025-12-09
6018,Clock,2026-01-14
6019,Lamp,2025-11-26
6060,Kettle,2026-03-23
6046,Kettle,2025-11-26
6035,Kettle,2025-12-06
6029,Clock,2025-12-27
6039,Mug,2025-12-29
6028,Kettle,2025-11-02
6065,Clock,2025-11-11
6054,Scale,2026-04-05
6008,Clock,2025-12-11
6032,Scale,2025-10-11
6048,Kettle,2025-11-23
6058,Kettle,2026-03-19
6062,Lamp,2025-12-24
6055,Kettle,2026-01-25
6051,Kettle,2025-11-29
6017,Clock,2026-04-15
6011,Lamp,2026-03-22
6043,Mug,2025-12-04
6073,Mug,2025-11-18
6037,Kettle,2025-12-27
6078,Clock,2025-12-19
6012,Clock,2025-12-31
6088,Lamp,2026-03-11
6089,Kettle,2025-10-16
6013,Kettle,2026-01-27
6033,Clock,2025-10-20
6022,Mug,2025-12-10
6007,Lamp,2026-03-24
6070,Clock,2026-03-14
6050,Mug,2025-12-03
6057,Mug,2026-01-24
6016,Mug,2025-12-22
6034,Kettle,2026-02-06
6006,Scale,2025-11-07
6040,Mug,2026-02-12
6026,Clock,2025-10-22
6063,Kettle,2025-11-19
6068,Scale,2025-10-20
6069,Kettle,2025-11-25
6061,Lamp,2026-01-06
6075,Mug,2025-12-17
6025,Lamp,2025-11-27
6087,Mug,2026-01-31
6084,Scale,2026-03-04
6003,Lamp,2026-01-01
6047,Scale,2026-01-04
6056,Mug,2026-04-09
6023,Mug,2026-02-01
6030,Clock,2025-10-16
6004,Clock,2025-10-10
6014,Lamp,2026-04-17
6010,Kettle,2025-10-18
6066,Scale,2026-02-20
6009,Kettle,2025-10-28
6086,Clock,2026-01-14
