order_id,ordered,shipped
3024,2026-01-13,2026-01-16
3035,2026-03-07,2026-03-23
3043,2026-03-16,2026-03-22
3032,2026-04-01,2026-04-05
3056,2026-03-06,2026-03-13
3006,2026-01-25,2026-02-10
3060,2026-02-06,2026-02-19
3009,2026-01-15,2026-01-18
3004,2026-03-28,2026-04-06
3064,2026-01-22,2026-01-23
3046,2026-03-31,2026-04-06
3026,2026-02-18,2026-02-24
3067,2026-01-31,2026-02-14
3017,2026-02-17,2026-02-21
3065,2026-02-03,2026-02-18
3038,2026-01-10,2026-01-22
3051,2026-02-05,2026-02-05
3069,2026-02-04,2026-02-09
3020,2026-02-12,2026-02-14
3013,2026-03-23,2026-04-07
3003,2026-01-14,2026-01-24
3016,2026-03-03,2026-03-04
3010,2026-03-19,2026-03-25
3029,2026-02-20,2026-02-28
3031,2026-03-01,2026-03-13
3045,2026-02-11,2026-02-14
3018,2026-01-29,2026-02-02
3002,2026-03-19,2026-03-19
3014,2026-01-30,2026-02-06
3041,2026-03-26,2026-04-11
3057,2026-03-30,2026-04-05
3052,2026-01-24,2026-01-29
3062,2026-03-26,2026-03-29
3022,2026-02-04,2026-02-15
3053,2026-02-08,2026-02-22
3025,2026-03-12,2026-03-24
3066,2026-01-08,2026-01-18
3058,2026-02-19,2026-03-01
3039,2026-01-26,2026-01-28
3044,2026-02-09,2026-02-17
3048,2026-01-15,2026-01-17
3070,2026-01-19,2026-01-25
3005,2026-03-15,2026-03-18
3012,2026-02-18,2026-02-22
3008,2026-02-21,2026-02-27
3028,2026-02-02,2026-02-11
3061,2026-02-20,2026-03-05
3050,2026-02-16,2026-02-28
3047,2026-01-27,2026-02-09
3023,2026-04-03,2026-04-16
3030,2026-03-29,2026-04-05
3059,2026-01-07,2026-01-09
3033,2026-02-24,2026-03-02
3036,2026-02-05,2026-02-12
3015,2026-03-23,2026-04-01
3021,2026-01-05,2026-01-11
3040,2026-02-04,2026-02-17
3068,2026-01-06,2026-01-14
3049,2026-02-12,2026-02-20
3001,2026-02-28,2026-03-01
3055,2026-01-07,2026-01-21
3063,2026-01-07,2026-01-22
3054,2026-04-02,2026-04-07
3007,2026-02-03,2026-02-09
3027,2026-04-05,2026-04-06
3037,2026-02-09,2026-02-10
3042,2026-01-23,2026-02-04
3011,2026-03-16,2026-03-21
3034,2026-01-07,2026-01-17
3019,2026-03-11,2026-03-13
