order_id,store,utc_ts
8145,Mumbai,2026-03-04 21:43:08
8150,Los Angeles,2026-03-02 20:43:20
8170,London,2026-03-03 08:59:02
8015,London,2026-03-04 17:57:51
8054,Los Angeles,2026-03-01 08:57:53
8156,Mumbai,2026-03-04 08:06:08
8093,Mumbai,2026-03-02 23:09:26
8148,London,2026-03-04 01:02:07
8135,Sao Paulo,2026-03-03 08:40:17
8187,Tokyo,2026-03-01 18:36:46
8060,London,2026-03-04 13:51:36
8030,Mumbai,2026-03-04 11:45:40
8091,London,2026-03-04 04:26:33
8171,Tokyo,2026-03-03 20:47:05
8068,Tokyo,2026-03-01 02:00:04
8134,London,2026-03-01 10:12:59
8057,Tokyo,2026-03-02 01:47:08
8133,London,2026-03-01 00:15:32
8164,Los Angeles,2026-03-03 15:02:57
8172,New York,2026-03-04 07:39:13
8061,London,2026-03-04 04:39:51
8041,Los Angeles,2026-03-03 13:21:35
8014,London,2026-03-03 19:15:56
8006,Mumbai,2026-03-03 08:18:25
8142,Mumbai,2026-03-02 11:04:09
8059,Tokyo,2026-03-02 15:48:34
8108,New York,2026-03-01 10:15:16
8010,London,2026-03-02 15:41:04
8055,Mumbai,2026-03-04 17:12:14
8126,Los Angeles,2026-03-04 12:59:02
8181,London,2026-03-02 02:15:51
8116,Sao Paulo,2026-03-03 19:12:05
8017,Mumbai,2026-03-01 20:14:54
8147,Tokyo,2026-03-04 17:08:34
8092,New York,2026-03-03 08:24:19
8084,London,2026-03-02 05:48:35
8157,Los Angeles,2026-03-03 02:38:56
8045,Los Angeles,2026-03-02 00:14:21
8185,New York,2026-03-04 19:59:57
8044,Sao Paulo,2026-03-02 21:51:51
8073,New York,2026-03-01 01:10:25
8082,Los Angeles,2026-03-02 05:06:14
8166,Tokyo,2026-03-01 14:38:16
8023,New York,2026-03-02 22:20:15
8191,Tokyo,2026-03-04 06:45:10
8184,Sao Paulo,2026-03-03 18:37:42
8154,Tokyo,2026-03-01 10:26:25
8103,Los Angeles,2026-03-01 15:32:09
8196,Los Angeles,2026-03-01 02:28:45
8069,Sao Paulo,2026-03-01 18:18:47
8077,Los Angeles,2026-03-01 17:48:52
8158,Mumbai,2026-03-04 10:26:24
8013,Sao Paulo,2026-03-03 07:18:01
8102,Tokyo,2026-03-03 21:35:28
8143,Sao Paulo,2026-03-02 01:27:31
8005,Mumbai,2026-03-03 23:00:03
8122,New York,2026-03-02 10:34:37
8064,Mumbai,2026-03-03 18:50:31
8080,London,2026-03-03 07:44:41
8089,New York,2026-03-01 00:58:58
8180,New York,2026-03-01 12:09:24
8193,Tokyo,2026-03-04 15:51:32
8192,Tokyo,2026-03-04 10:05:54
8009,Los Angeles,2026-03-01 20:45:06
8090,Tokyo,2026-03-03 09:14:12
8046,New York,2026-03-02 01:56:31
8020,Mumbai,2026-03-03 13:28:25
8016,Los Angeles,2026-03-03 17:20:38
8050,London,2026-03-01 10:57:06
8139,Los Angeles,2026-03-02 15:51:35
8112,London,2026-03-03 04:10:04
8081,Mumbai,2026-03-01 12:09:50
8035,Tokyo,2026-03-04 08:18:54
8176,Tokyo,2026-03-04 19:33:46
8161,Tokyo,2026-03-02 10:39:19
8200,London,2026-03-01 01:35:14
8025,Los Angeles,2026-03-03 17:42:12
8012,Mumbai,2026-03-04 16:50:13
8063,Mumbai,2026-03-01 06:49:27
8131,New York,2026-03-03 23:23:43
8040,Sao Paulo,2026-03-04 20:31:38
8174,London,2026-03-01 21:22:36
8159,Mumbai,2026-03-04 21:30:01
8190,Tokyo,2026-03-04 05:48:15
8104,Mumbai,2026-03-02 10:26:52
8095,New York,2026-03-02 23:56:15
8075,Los Angeles,2026-03-02 13:47:40
8027,New York,2026-03-03 10:59:53
8066,Mumbai,2026-03-02 19:13:54
8165,London,2026-03-03 04:57:41
8079,Los Angeles,2026-03-02 07:38:46
8022,Sao Paulo,2026-03-02 03:24:46
8155,Sao Paulo,2026-03-01 00:22:18
8140,Mumbai,2026-03-04 23:56:50
8003,Los Angeles,2026-03-02 12:59:16
8039,Sao Paulo,2026-03-04 12:10:40
8162,Tokyo,2026-03-03 10:13:18
8026,New York,2026-03-04 02:34:09
8130,London,2026-03-04 15:21:41
8114,Mumbai,2026-03-04 01:00:30
8043,London,2026-03-01 02:41:47
8036,New York,2026-03-02 07:01:53
8031,New York,2026-03-02 01:06:11
8086,New York,2026-03-03 11:36:06
8085,Los Angeles,2026-03-01 07:26:33
8033,Tokyo,2026-03-03 02:45:40
8101,Los Angeles,2026-03-01 19:35:39
8117,Sao Paulo,2026-03-03 07:11:09
8167,London,2026-03-02 13:37:23
8047,Mumbai,2026-03-03 07:48:44
8029,Los Angeles,2026-03-01 22:15:05
8106,London,2026-03-04 23:28:44
8100,London,2026-03-04 23:33:03
8110,Sao Paulo,2026-03-04 13:33:50
8152,Mumbai,2026-03-03 18:11:39
8107,London,2026-03-02 20:14:36
8121,Tokyo,2026-03-02 08:13:14
8183,New York,2026-03-01 13:47:44
8136,Mumbai,2026-03-04 10:40:22
8028,Los Angeles,2026-03-02 01:34:16
8113,Los Angeles,2026-03-01 23:43:32
8018,Tokyo,2026-03-01 11:55:47
8129,New York,2026-03-04 08:03:14
8070,Tokyo,2026-03-01 19:17:34
8053,Sao Paulo,2026-03-03 10:17:16
8138,London,2026-03-03 14:03:54
8189,Los Angeles,2026-03-02 18:43:27
8019,Sao Paulo,2026-03-01 23:37:22
8120,Mumbai,2026-03-01 02:20:02
8149,Tokyo,2026-03-03 20:14:51
8123,London,2026-03-04 11:20:16
8128,Mumbai,2026-03-02 05:24:37
8124,New York,2026-03-01 02:02:23
8105,New York,2026-03-03 07:47:43
8188,London,2026-03-01 08:23:03
8037,Mumbai,2026-03-01 01:14:54
8179,Tokyo,2026-03-03 06:58:18
8078,New York,2026-03-01 11:46:10
8004,Mumbai,2026-03-01 01:35:21
8076,New York,2026-03-02 14:27:39
8109,New York,2026-03-04 11:57:27
8132,London,2026-03-02 09:07:33
8099,Mumbai,2026-03-03 01:34:43
8048,London,2026-03-04 12:40:22
8168,Los Angeles,2026-03-04 05:38:23
8087,London,2026-03-04 00:01:28
8194,Los Angeles,2026-03-02 08:43:51
8034,Sao Paulo,2026-03-01 02:11:14
8074,Sao Paulo,2026-03-02 06:15:45
8042,Sao Paulo,2026-03-03 19:02:02
8127,Los Angeles,2026-03-03 13:01:29
8049,London,2026-03-01 21:05:00
8002,New York,2026-03-03 22:47:54
8163,London,2026-03-02 10:38:45
8094,Sao Paulo,2026-03-01 18:34:47
8083,Sao Paulo,2026-03-01 16:26:46
8177,New York,2026-03-03 13:35:53
8038,London,2026-03-01 16:02:02
8111,Sao Paulo,2026-03-02 15:32:57
8008,Mumbai,2026-03-01 14:50:50
8096,Mumbai,2026-03-03 20:11:43
8032,New York,2026-03-03 01:24:07
8173,Tokyo,2026-03-01 07:50:07
8178,Mumbai,2026-03-03 03:18:54
8062,Tokyo,2026-03-01 08:29:30
8199,Mumbai,2026-03-01 13:24:36
8118,Tokyo,2026-03-04 12:25:33
8137,Sao Paulo,2026-03-04 12:17:30
8160,New York,2026-03-02 21:12:34
8153,New York,2026-03-01 06:51:05
8198,Tokyo,2026-03-03 01:15:13
8071,Sao Paulo,2026-03-03 19:42:12
8052,Mumbai,2026-03-04 22:20:29
8175,Tokyo,2026-03-04 19:23:23
8088,New York,2026-03-01 13:20:25
8146,Los Angeles,2026-03-02 04:43:02
8151,Tokyo,2026-03-02 12:12:51
8141,New York,2026-03-02 02:56:11
8169,Mumbai,2026-03-04 11:27:43
8186,Los Angeles,2026-03-03 13:01:10
8098,New York,2026-03-01 02:51:23
8119,New York,2026-03-01 08:20:39
8182,New York,2026-03-01 06:51:13
8125,Mumbai,2026-03-02 02:45:33
8001,Mumbai,2026-03-01 17:39:58
8065,Sao Paulo,2026-03-04 01:49:57
8097,Mumbai,2026-03-03 08:22:36
8067,Tokyo,2026-03-03 06:21:16
8011,Mumbai,2026-03-02 10:13:25
8024,New York,2026-03-04 22:05:32
8051,London,2026-03-03 10:02:20
8058,Los Angeles,2026-03-01 15:22:34
8195,London,2026-03-03 22:33:49
8197,Mumbai,2026-03-02 12:34:21
8007,Sao Paulo,2026-03-04 21:15:18
8056,Tokyo,2026-03-02 10:02:48
8072,New York,2026-03-01 10:22:13
8115,Los Angeles,2026-03-03 17:01:06
8144,Los Angeles,2026-03-04 20:17:34
8021,New York,2026-03-03 01:56:30
